operator,new
AL SELECT INC,al_select
NEW CENTURY MINING INC,new_century_mining
THE PITTSBURG & MIDWAY COAL MINING CO,the_pittsburg_midway_coal_mining
THE PITTSBURG & MIDWAY COAL MINING CO,the_pittsburg_midway_coal_mining
THE PITTSBURG & MIDWAY COAL MINING CO,the_pittsburg_midway_coal_mining
CONTRACT AUGERING SERVICES INC,contract_augering_services
CONTRACT AUGERING SERVICES INC,contract_augering_services
DRUMMOND COMPANY INC,drummond
DRUMMOND COMPANY INC,drummond
DRUMMOND COMPANY INC,drummond
HOLLY MINING INC,holly_mining
MID-SOUTH MINING INC,midsouth_mining
MID-SOUTH MINING INC,midsouth_mining
MID-SOUTH MINING INC,midsouth_mining
MID-SOUTH MINING INC,midsouth_mining
MID-SOUTH MINING INC,midsouth_mining
MID-SOUTH MINING INC,midsouth_mining
MID-SOUTH MINING INC,midsouth_mining
ALABAMA LAND AND MINERAL CORP,alabama_land_and_mineral
ALABAMA LAND AND MINERAL CORP,alabama_land_and_mineral
ALABAMA LAND AND MINERAL CORP,alabama_land_and_mineral
PILOT COAL INC,pilot_coal
KEY COAL CO INC,key_coal
WHITE OAK MINING CO INC,white_oak_mining
Q & R COAL COMPANY INC,q_r_coal
Q & R COAL COMPANY INC,q_r_coal
Q & R COAL COMPANY INC,q_r_coal
BLACK PANTHER COAL COMPANY INC,black_panther_coal
BLACK PANTHER COAL COMPANY INC,black_panther_coal
SILLOH INC,silloh
SILLOH INC,silloh
COX COAL CORPORATION,cox_coal
PRESCOTT & SONS COAL COMPANY INC,prescott_sons_coal
COMMERCIAL LAND COMPANY INC,commercial_land
COMMERCIAL LAND COMPANY INC,commercial_land
COMMERCIAL LAND COMPANY INC,commercial_land
COMMERCIAL LAND COMPANY INC,commercial_land
COMMERCIAL LAND COMPANY INC,commercial_land
COMMERCIAL LAND COMPANY INC,commercial_land
COMMERCIAL LAND COMPANY INC,commercial_land
COMMERCIAL LAND COMPANY INC,commercial_land
COMMERCIAL LAND COMPANY INC,commercial_land
COMMERCIAL LAND COMPANY INC,commercial_land
COMMERCIAL LAND COMPANY INC,commercial_land
COMMERCIAL LAND COMPANY INC,commercial_land
COMMERCIAL LAND COMPANY INC,commercial_land
COMMERCIAL LAND COMPANY INC,commercial_land
COMMERCIAL LAND COMPANY INC,commercial_land
COMMERCIAL LAND COMPANY INC,commercial_land
COMMERCIAL LAND COMPANY INC,commercial_land
COMMERCIAL LAND COMPANY INC,commercial_land
COMMERCIAL LAND COMPANY INC,commercial_land
COMMERCIAL LAND COMPANY INC,commercial_land
COMMERCIAL LAND COMPANY INC,commercial_land
COMMERCIAL LAND COMPANY INC,commercial_land
COMMERCIAL LAND COMPANY INC,commercial_land
COMMERCIAL LAND COMPANY INC,commercial_land
COMMERCIAL LAND COMPANY INC,commercial_land
COMMERCIAL LAND COMPANY INC,commercial_land
COMMERCIAL LAND COMPANY INC,commercial_land
COMMERCIAL LAND COMPANY INC,commercial_land
COMMERCIAL LAND COMPANY INC,commercial_land
COMMERCIAL LAND COMPANY INC,commercial_land
COMMERCIAL LAND COMPANY INC,commercial_land
COMMERCIAL LAND COMPANY INC,commercial_land
COMMERCIAL LAND COMPANY INC,commercial_land
COMMERCIAL LAND COMPANY INC,commercial_land
COMMERCIAL LAND COMPANY INC,commercial_land
JIM WALTER RESOURCES INC,jim_walter_resources
JIM WALTER RESOURCES INC,jim_walter_resources
DRUMMOND COMPANY INC,drummond
DRUMMOND COMPANY INC,drummond
DRUMMOND COMPANY INC,drummond
DRUMMOND COMPANY INC,drummond
DRUMMOND COMPANY INC,drummond
DRUMMOND COMPANY INC,drummond
DRUMMOND COMPANY INC,drummond
DRUMMOND COMPANY INC,drummond
DRUMMOND COMPANY INC,drummond
DRUMMOND COMPANY INC,drummond
DRUMMOND COMPANY INC,drummond
DRUMMOND COMPANY INC,drummond
DRUMMOND COMPANY INC,drummond
DRUMMOND COMPANY INC,drummond
DRUMMOND COMPANY INC,drummond
DRUMMOND COMPANY INC,drummond
DRUMMOND COMPANY INC,drummond
DRUMMOND COMPANY INC,drummond
DRUMMOND COMPANY INC,drummond
DRUMMOND COMPANY INC,drummond
DRUMMOND COMPANY INC,drummond
DRUMMOND COMPANY INC,drummond
DRUMMOND COMPANY INC,drummond
DRUMMOND COMPANY INC,drummond
DRUMMOND COMPANY INC,drummond
DRUMMOND COMPANY INC,drummond
DRUMMOND COMPANY INC,drummond
DRUMMOND COMPANY INC,drummond
DRUMMOND COMPANY INC,drummond
DRUMMOND COMPANY INC,drummond
DRUMMOND COMPANY INC,drummond
DRUMMOND COMPANY INC,drummond
DRUMMOND COMPANY INC,drummond
DRUMMOND COMPANY INC,drummond
DRUMMOND COMPANY INC,drummond
DRUMMOND COMPANY INC,drummond
DRUMMOND COMPANY INC,drummond
DRUMMOND COMPANY INC,drummond
DRUMMOND COMPANY INC,drummond
DRUMMOND COMPANY INC,drummond
DRUMMOND COMPANY INC,drummond
DRUMMOND COMPANY INC,drummond
DRUMMOND COMPANY INC,drummond
DRUMMOND COMPANY INC,drummond
DRUMMOND COMPANY INC,drummond
DRUMMOND COMPANY INC,drummond
DRUMMOND COMPANY INC,drummond
DRUMMOND COMPANY INC,drummond
DRUMMOND COMPANY INC,drummond
DRUMMOND COMPANY INC,drummond
DRUMMOND COMPANY INC,drummond
DRUMMOND COMPANY INC,drummond
DRUMMOND COMPANY INC,drummond
DRUMMOND COMPANY INC,drummond
DRUMMOND COMPANY INC,drummond
DRUMMOND COMPANY INC,drummond
DRUMMOND COMPANY INC,drummond
DRUMMOND COMPANY INC,drummond
DRUMMOND COMPANY INC,drummond
DRUMMOND COMPANY INC,drummond
DRUMMOND COMPANY INC,drummond
DRUMMOND COMPANY INC,drummond
DRUMMOND COMPANY INC,drummond
DRUMMOND COMPANY INC,drummond
DRUMMOND COMPANY INC,drummond
DRUMMOND COMPANY INC,drummond
DRUMMOND COMPANY INC,drummond
DRUMMOND COMPANY INC,drummond
DRUMMOND COMPANY INC,drummond
DRUMMOND COMPANY INC,drummond
DRUMMOND COMPANY INC,drummond
DRUMMOND COMPANY INC,drummond
DRUMMOND COMPANY INC,drummond
COX COAL CORPORATION,cox_coal
BLACK DIAMOND COAL MINING COMPANY,black_diamond_coal_mining
ALABAMA LAND AND MINERAL CORP,alabama_land_and_mineral
ALABAMA LAND AND MINERAL CORP,alabama_land_and_mineral
ALABAMA LAND AND MINERAL CORP,alabama_land_and_mineral
ALABAMA LAND AND MINERAL CORP,alabama_land_and_mineral
ALABAMA LAND AND MINERAL CORP,alabama_land_and_mineral
ALABAMA LAND AND MINERAL CORP,alabama_land_and_mineral
MCKENZIE MINING INC,mckenzie_mining
MIDLOTHIAN MINING COMPANY,midlothian_mining
ALABAMA LAND AND MINERAL CORP,alabama_land_and_mineral
ALABAMA LAND AND MINERAL CORP,alabama_land_and_mineral
DRUMMOND COMPANY INC,drummond
DRUMMOND COMPANY INC,drummond
DRUMMOND COMPANY INC,drummond
DRUMMOND COMPANY INC,drummond
BWS TECHNOLOGY INC,bws_technology
BWS TECHNOLOGY INC,bws_technology
BWS TECHNOLOGY INC,bws_technology
BIG MITCH PREP CO INC,big_mitch_prep
BERRY MOUNTAIN MINING CO INC,berry_mountain_mining
BERRY MOUNTAIN MINING CO INC,berry_mountain_mining
BERRY MOUNTAIN MINING CO INC,berry_mountain_mining
DRUMMOND COMPANY INC,drummond
DRUMMOND COMPANY INC,drummond
ALABAMA LAND AND MINERAL CORP,alabama_land_and_mineral
WHITE OAK MINING CO INC,white_oak_mining
NATURAL BRIDGE COAL PRODUCTS INC,natural_bridge_coal_products
BURGESS MINING & CONSTRUCTION CORP,burgess_mining_construction
ALABAMA LAND AND MINERAL CORP,alabama_land_and_mineral
ALABAMA LAND AND MINERAL CORP,alabama_land_and_mineral
BRILLIANT COAL SALES INC,brilliant_coal_sales
BRILLIANT COAL SALES INC,brilliant_coal_sales
MCWANE INC,mcwane
BITUMINOUS CHEMICAL INC,bituminous_chemical
ALABAMA LAND AND MINERAL CORP,alabama_land_and_mineral
ALABAMA LAND AND MINERAL CORP,alabama_land_and_mineral
ALABAMA LAND AND MINERAL CORP,alabama_land_and_mineral
JIM WALTER RESOURCES INC,jim_walter_resources
,nan
HALEY BROS COAL INC,haley_bros_coal
HALEY BROS COAL INC,haley_bros_coal
HALEY BROS COAL INC,haley_bros_coal
HALEY BROS COAL INC,haley_bros_coal
HALEY BROS COAL INC,haley_bros_coal
HALEY BROS COAL INC,haley_bros_coal
HALEY BROS COAL INC,haley_bros_coal
TUSCALOOSA RESOURCES INC,tuscaloosa_resources
TUSCALOOSA RESOURCES INC,tuscaloosa_resources
M E GROUP INC,m_e_group
M E GROUP INC,m_e_group
M E GROUP INC,m_e_group
M E GROUP INC,m_e_group
M E GROUP INC,m_e_group
M E GROUP INC,m_e_group
M E GROUP INC,m_e_group
M E GROUP INC,m_e_group
M E GROUP INC,m_e_group
UPTOWN MOTORS INC,uptown_motors
UPTOWN MOTORS INC,uptown_motors
CHEROKEE MINING LLC,cherokee_mining
DRUMMOND COMPANY INC,drummond
TREADWAY INC,treadway
TREADWAY INC,treadway
TREADWAY INC,treadway
TREADWAY INC,treadway
TREADWAY INC,treadway
TREADWAY INC,treadway
TREADWAY INC,treadway
BIRMINGHAM COAL & COKE COMPANY INC,birmingham_coal_coke
APOGEE COAL COMPANY INC,apogee_coal
APOGEE COAL COMPANY INC,apogee_coal
P & P MINING & REAL ESTATE INC,p_mining_real_estate
P & P MINING & REAL ESTATE INC,p_mining_real_estate
TREADWAY INC,treadway
TREADWAY INC,treadway
TREADWAY INC,treadway
TREADWAY INC,treadway
MIDAS COAL COMPANY INC,midas_coal
TREADWAY INC,treadway
SEMINOLE CONTRACTING COMPANY INC,seminole_contracting
SEMINOLE CONTRACTING COMPANY INC,seminole_contracting
SEMINOLE CONTRACTING COMPANY INC,seminole_contracting
ALABAMA HIGHWALL LLC,alabama_highwall
ALABAMA HIGHWALL LLC,alabama_highwall
ALABAMA HIGHWALL LLC,alabama_highwall
ALABAMA HIGHWALL LLC,alabama_highwall
ALABAMA HIGHWALL LLC,alabama_highwall
ALABAMA HIGHWALL LLC,alabama_highwall
ALABAMA HIGHWALL LLC,alabama_highwall
ALABAMA HIGHWALL LLC,alabama_highwall
ALABAMA HIGHWALL LLC,alabama_highwall
ALABAMA HIGHWALL LLC,alabama_highwall
ALABAMA HIGHWALL LLC,alabama_highwall
BEST COAL INC,best_coal
BEST COAL INC,best_coal
CEDAR LAKE MINING INC,cedar_lake_mining
CHEROKEE MINING LLC,cherokee_mining
CHEROKEE MINING LLC,cherokee_mining
WALKER LAND & MINERAL CORP,walker_land_mineral
MOSS-LEVIN JOINT VENTURE,mosslevin_joint_venture
MOSS-LEVIN JOINT VENTURE,mosslevin_joint_venture
MOSS-LEVIN JOINT VENTURE,mosslevin_joint_venture
MOSS-LEVIN JOINT VENTURE,mosslevin_joint_venture
MOSS-LEVIN JOINT VENTURE,mosslevin_joint_venture
MOSS-LEVIN JOINT VENTURE,mosslevin_joint_venture
MOSS-LEVIN JOINT VENTURE,mosslevin_joint_venture
MOSS-LEVIN JOINT VENTURE,mosslevin_joint_venture
CHEROKEE MINING LLC,cherokee_mining
CHEROKEE MINING LLC,cherokee_mining
HALEY BROS & PARTRIDGE COAL INC,haley_bros_partridge_coal
SEMINOLE CONTRACTING CO INC,seminole_contracting
SEMINOLE CONTRACTING CO INC,seminole_contracting
REED MINERALS INC,reed_minerals
TREADWAY INC,treadway
TWIN PINES COAL COMPANY INC,twin_pines_coal
TWIN PINES COAL COMPANY INC,twin_pines_coal
TWIN PINES COAL COMPANY INC,twin_pines_coal
T & B EXCAVATING INC,t_b_excavating
T & B EXCAVATING INC,t_b_excavating
LAGUNA RESOURCES INC,laguna_resources
DRUMMOND COMPANY INC,drummond
BLACK CREEK LAND & MINERAL INC,black_creek_land_mineral
CHEROKEE MINING LLC,cherokee_mining
BIRMINGHAM COAL & COKE COMPANY INC,birmingham_coal_coke
BIRMINGHAM COAL & COKE COMPANY INC,birmingham_coal_coke
MCWANE INC,mcwane
MCWANE INC,mcwane
MCWANE INC,mcwane
MCWANE INC,mcwane
MCWANE INC,mcwane
MCWANE INC,mcwane
NATIONAL COAL OF ALABAMA INC,national_coal_of_alabama
NATIONAL COAL OF ALABAMA INC,national_coal_of_alabama
NATIONAL COAL OF ALABAMA INC,national_coal_of_alabama
TREADWAY INC,treadway
NEW ACTON COAL MINING COMPANY INC,new_acton_coal_mining
BIRMINGHAM COAL & COKE COMPANY INC,birmingham_coal_coke
ALABAMA LAND AND MINERAL CORP,alabama_land_and_mineral
UPTOWN MOTORS INC,uptown_motors
TAFT COAL SALES & ASSOCIATES INC,taft_coal_sales_associates
TAFT COAL SALES & ASSOCIATES INC,taft_coal_sales_associates
ATS INC,ats
ATS INC,ats
DRUMMOND COMPANY INC,drummond
DRUMMOND COMPANY INC,drummond
DRUMMOND COMPANY INC,drummond
EBS CONSTRUCTION INC,ebs_construction
ABSTON CONSTRUCTION COMPANY INC,abston_construction
BEAIRD MINING & MINERAL CO INC,beaird_mining_mineral
BEAIRD MINING & MINERAL CO INC,beaird_mining_mineral
BEAIRD MINING & MINERAL CO INC,beaird_mining_mineral
BEAIRD MINING & MINERAL CO INC,beaird_mining_mineral
BLACK WARRIOR MINERALS INC,black_warrior_minerals
BAR COAL INC,bar_coal
TUSCALOOSA RESOURCES INC,tuscaloosa_resources
TUSCALOOSA RESOURCES INC,tuscaloosa_resources
TUSCALOOSA RESOURCES INC,tuscaloosa_resources
TUSCALOOSA RESOURCES INC,tuscaloosa_resources
TUSCALOOSA RESOURCES INC,tuscaloosa_resources
OSBORN COAL ENTERPRISES INC,osborn_coal_enterprises
OSBORN COAL ENTERPRISES INC,osborn_coal_enterprises
TAFT COAL SALES & ASSOCIATES INC,taft_coal_sales_associates
MOUNTAINBROOK COAL COMPANY INC,mountainbrook_coal
MOUNTAINBROOK COAL COMPANY INC,mountainbrook_coal
MOUNTAINBROOK COAL COMPANY INC,mountainbrook_coal
MOUNTAINBROOK COAL COMPANY INC,mountainbrook_coal
MOUNTAINBROOK COAL COMPANY INC,mountainbrook_coal
UPTOWN MOTORS INC,uptown_motors
BIRMINGHAM COAL & COKE COMPANY INC,birmingham_coal_coke
DRUMMOND COMPANY INC,drummond
DRUMMOND COMPANY INC,drummond
DRUMMOND COMPANY INC,drummond
DRUMMOND COMPANY INC,drummond
NEW ACTON COAL MINING COMPANY INC,new_acton_coal_mining
SOUTHLAND RESOURCES INC,southland_resources
MOSS-LEVIN JOINT VENTURE,mosslevin_joint_venture
MOSS-LEVIN JOINT VENTURE,mosslevin_joint_venture
MOSS-LEVIN JOINT VENTURE,mosslevin_joint_venture
BIRMINGHAM COAL & COKE COMPANY INC,birmingham_coal_coke
BIRMINGHAM COAL & COKE COMPANY INC,birmingham_coal_coke
BIRMINGHAM COAL & COKE COMPANY INC,birmingham_coal_coke
BIRMINGHAM COAL & COKE COMPANY INC,birmingham_coal_coke
BIRMINGHAM COAL & COKE COMPANY INC,birmingham_coal_coke
OSBORN COAL ENTERPRISES INC,osborn_coal_enterprises
BAR COAL INC,bar_coal
"NASON, ANICE H",nason_anice_h
"NASON, ANICE H",nason_anice_h
"NASON, ANICE H",nason_anice_h
BAR COAL INC,bar_coal
BAR COAL INC,bar_coal
BAR COAL INC,bar_coal
GUN MINING CO INC,gun_mining
ALABAMA LAND AND MINERAL CORP,alabama_land_and_mineral
ALABAMA LAND AND MINERAL CORP,alabama_land_and_mineral
UPTOWN MOTORS INC,uptown_motors
R & D MINING INC,r_d_mining
APEX COAL CORPORATION,apex_coal
CONTRACT AUGERING SERVICES INC,contract_augering_services
DOVE COAL CORPORATION,dove_coal
DOVE COAL CORPORATION,dove_coal
DOVE COAL CORPORATION,dove_coal
DOVE COAL CORPORATION,dove_coal
DOVE COAL CORPORATION,dove_coal
BAR COAL INC,bar_coal
C & H MINING COMPANY INC,c_h_mining
HOMESTEAD MINING CO INC,homestead_mining
CARBON HILL COAL COMPANY OF ALABAMA INC,carbon_hill_coal_of_alabama
BAR COAL INC,bar_coal
ALABAMA LAND AND MINERAL CORP,alabama_land_and_mineral
ALABAMA LAND AND MINERAL CORP,alabama_land_and_mineral
ALABAMA LAND AND MINERAL CORP,alabama_land_and_mineral
R & D MINING INC,r_d_mining
R & D MINING INC,r_d_mining
APEX COAL CORPORATION,apex_coal
APEX COAL CORPORATION,apex_coal
BLACK WARRIOR MINERALS INC,black_warrior_minerals
ALABAMA LAND AND MINERAL CORP,alabama_land_and_mineral
MOUNTAINBROOK COAL COMPANY INC,mountainbrook_coal
MOUNTAINBROOK COAL COMPANY INC,mountainbrook_coal
P B COAL INC,p_b_coal
P B COAL INC,p_b_coal
DOVE COAL CORPORATION,dove_coal
DOVE COAL CORPORATION,dove_coal
DOVE COAL CORPORATION,dove_coal
DOVE COAL CORPORATION,dove_coal
NOVELL`S CONSTRUCTION CO INC,novells_construction
G & K COAL INC,g_k_coal
G & K COAL INC,g_k_coal
G & K COAL INC,g_k_coal
PINE MOUNTAIN ENERGY INC,pine_mountain_energy
PINE MOUNTAIN ENERGY INC,pine_mountain_energy
PINE MOUNTAIN ENERGY INC,pine_mountain_energy
EGYPT CONTRACTING CO INC,egypt_contracting
EGYPT CONTRACTING CO INC,egypt_contracting
EGYPT CONTRACTING CO INC,egypt_contracting
EGYPT CONTRACTING CO INC,egypt_contracting
HMC BRIDGE COMPANY,hmc_bridge
HMC BRIDGE COMPANY,hmc_bridge
HMC BRIDGE COMPANY,hmc_bridge
M S & R EQUIPMENT CO INC,m_s_r_equipment
THE PITTSBURG & MIDWAY COAL MINING CO,the_pittsburg_midway_coal_mining
UPTOWN MOTORS INC,uptown_motors
MOUNTAINBROOK COAL COMPANY INC,mountainbrook_coal
ALABAMA LAND AND MINERAL CORP,alabama_land_and_mineral
ALABAMA LAND AND MINERAL CORP,alabama_land_and_mineral
ALABAMA LAND AND MINERAL CORP,alabama_land_and_mineral
ALABAMA LAND AND MINERAL CORP,alabama_land_and_mineral
ALABAMA LAND AND MINERAL CORP,alabama_land_and_mineral
NEW ACTON COAL MINING COMPANY INC,new_acton_coal_mining
NEW ACTON COAL MINING COMPANY INC,new_acton_coal_mining
NEW ACTON COAL MINING COMPANY INC,new_acton_coal_mining
NEW ACTON COAL MINING COMPANY INC,new_acton_coal_mining
NEW ACTON COAL MINING COMPANY INC,new_acton_coal_mining
NEW ACTON COAL MINING COMPANY INC,new_acton_coal_mining
NEW ACTON COAL MINING COMPANY INC,new_acton_coal_mining
MCCLARTY CONSTRUCTION & EQUIPMENT CO INC,mcclarty_construction_equipment
ATS INC,ats
BLACK WARRIOR MINERALS INC,black_warrior_minerals
BLACK WARRIOR MINERALS INC,black_warrior_minerals
CENTRAL MINING INC,central_mining
CENTRAL MINING INC,central_mining
CENTRAL MINING INC,central_mining
DOVE COAL CORPORATION,dove_coal
DOVE COAL CORPORATION,dove_coal
CARBON TECH MINING CORPORATION,carbon_tech_mining
CARBON TECH MINING CORPORATION,carbon_tech_mining
CARBON TECH MINING CORPORATION,carbon_tech_mining
BOOKOUT CONSTRUCTION CORPORATION,bookout_construction
ATS INC,ats
DULIN ENERGIES INC,dulin_energies
DULIN ENERGIES INC,dulin_energies
EGYPT CONTRACTING CO INC,egypt_contracting
EGYPT CONTRACTING CO INC,egypt_contracting
EGYPT CONTRACTING CO INC,egypt_contracting
DRUMMOND COMPANY INC,drummond
THE PITTSBURG & MIDWAY COAL MINING CO,the_pittsburg_midway_coal_mining
MCWANE INC,mcwane
MCWANE INC,mcwane
MCWANE INC,mcwane
MCWANE INC,mcwane
RJR MINING CO INC,rjr_mining
C & H MINING COMPANY INC,c_h_mining
C & H MINING COMPANY INC,c_h_mining
C & H MINING COMPANY INC,c_h_mining
C & H MINING COMPANY INC,c_h_mining
NEW CASTLE MINING INC,new_castle_mining
NEW CASTLE MINING INC,new_castle_mining
NEW CASTLE MINING INC,new_castle_mining
NEW CASTLE MINING INC,new_castle_mining
NEW CASTLE MINING INC,new_castle_mining
RUSSELL COAL INCORPORATED,russell_coal
RUSSELL COAL INCORPORATED,russell_coal
OSBORN COAL ENTERPRISES INC,osborn_coal_enterprises
OSBORN COAL ENTERPRISES INC,osborn_coal_enterprises
CARBON TECH MINING CORPORATION,carbon_tech_mining
CARBON TECH MINING CORPORATION,carbon_tech_mining
CARBON TECH MINING CORPORATION,carbon_tech_mining
CARBON TECH MINING CORPORATION,carbon_tech_mining
CARBON TECH MINING CORPORATION,carbon_tech_mining
CARBON TECH MINING CORPORATION,carbon_tech_mining
CARBON TECH MINING CORPORATION,carbon_tech_mining
CARBON TECH MINING CORPORATION,carbon_tech_mining
CARBON TECH MINING CORPORATION,carbon_tech_mining
CARBON TECH MINING CORPORATION,carbon_tech_mining
DRUMMOND COMPANY INC,drummond
DRUMMOND COMPANY INC,drummond
DRUMMOND COMPANY INC,drummond
DRUMMOND COMPANY INC,drummond
DRUMMOND COMPANY INC,drummond
MYERS COAL COMPANY INC,myers_coal
MYERS COAL COMPANY INC,myers_coal
MYERS COAL COMPANY INC,myers_coal
MOSS-LEVIN JOINT VENTURE,mosslevin_joint_venture
MOSS-LEVIN JOINT VENTURE,mosslevin_joint_venture
MOSS-LEVIN JOINT VENTURE,mosslevin_joint_venture
MOSS-LEVIN JOINT VENTURE,mosslevin_joint_venture
MOSS-LEVIN JOINT VENTURE,mosslevin_joint_venture
MOSS-LEVIN JOINT VENTURE,mosslevin_joint_venture
NEW CASTLE MINING INC,new_castle_mining
NEW CASTLE MINING INC,new_castle_mining
NEW CASTLE MINING INC,new_castle_mining
NEW CASTLE MINING INC,new_castle_mining
NEW CASTLE MINING INC,new_castle_mining
BLACK WARRIOR MINERALS INC,black_warrior_minerals
C & H MINING COMPANY INC,c_h_mining
,nan
KAR-BON MINING COMPANY INC,karbon_mining
BIRMINGHAM COAL & COKE COMPANY INC,birmingham_coal_coke
G & K COAL INC,g_k_coal
G & K COAL INC,g_k_coal
APEX COAL CORPORATION,apex_coal
ALABAMA LAND AND MINERAL CORP,alabama_land_and_mineral
ALABAMA LAND AND MINERAL CORP,alabama_land_and_mineral
ALABAMA LAND AND MINERAL CORP,alabama_land_and_mineral
ALABAMA LAND AND MINERAL CORP,alabama_land_and_mineral
ALABAMA LAND AND MINERAL CORP,alabama_land_and_mineral
ALABAMA LAND AND MINERAL CORP,alabama_land_and_mineral
NEW ACTON COAL MINING COMPANY INC,new_acton_coal_mining
ALABAMA LAND AND MINERAL CORP,alabama_land_and_mineral
ALABAMA LAND AND MINERAL CORP,alabama_land_and_mineral
ALABAMA LAND AND MINERAL CORP,alabama_land_and_mineral
ALABAMA LAND AND MINERAL CORP,alabama_land_and_mineral
MEC INC,mec
MEC INC,mec
MEC INC,mec
MEC INC,mec
MEC INC,mec
HMC BRIDGE COMPANY,hmc_bridge
ABSTON CONSTRUCTION COMPANY INC,abston_construction
ALABAMA LAND AND MINERAL CORP,alabama_land_and_mineral
ALABAMA LAND AND MINERAL CORP,alabama_land_and_mineral
ALABAMA LAND AND MINERAL CORP,alabama_land_and_mineral
ALABAMA LAND AND MINERAL CORP,alabama_land_and_mineral
ALABAMA LAND AND MINERAL CORP,alabama_land_and_mineral
BIRMINGHAM COAL & COKE COMPANY INC,birmingham_coal_coke
TAFT COAL SALES & ASSOCIATES INC,taft_coal_sales_associates
TAFT COAL SALES & ASSOCIATES INC,taft_coal_sales_associates
TAFT COAL SALES & ASSOCIATES INC,taft_coal_sales_associates
R & D MINING INC,r_d_mining
REED MINERALS INC,reed_minerals
DOVE COAL CORPORATION,dove_coal
DOVE COAL CORPORATION,dove_coal
LOST CREEK COAL CO INC,lost_creek_coal
DRUMMOND COMPANY INC,drummond
DRUMMOND COMPANY INC,drummond
DRUMMOND COMPANY INC,drummond
ALABAMA LAND AND MINERAL CORP,alabama_land_and_mineral
DRUMMOND COMPANY INC,drummond
DRUMMOND COMPANY INC,drummond
DRUMMOND COMPANY INC,drummond
DRUMMOND COMPANY INC,drummond
DRUMMOND COMPANY INC,drummond
DRUMMOND COMPANY INC,drummond
DRUMMOND COMPANY INC,drummond
DRUMMOND COMPANY INC,drummond
NATIONAL COAL OF ALABAMA INC,national_coal_of_alabama
APEX COAL CORPORATION,apex_coal
APEX COAL CORPORATION,apex_coal
BIG SANDY ENTERPRISES INC,big_sandy_enterprises
DRUMMOND COMPANY INC,drummond
DRUMMOND COMPANY INC,drummond
DRUMMOND COMPANY INC,drummond
DRUMMOND COMPANY INC,drummond
MARABLE FUEL SALES INC,marable_fuel_sales
HALEY BROS & PARTRIDGE COAL INC,haley_bros_partridge_coal
HALEY BROS & PARTRIDGE COAL INC,haley_bros_partridge_coal
REED MINERALS INC,reed_minerals
OSBORN COAL ENTERPRISES INC,osborn_coal_enterprises
OSBORN COAL ENTERPRISES INC,osborn_coal_enterprises
OSBORN COAL ENTERPRISES INC,osborn_coal_enterprises
OSBORN COAL ENTERPRISES INC,osborn_coal_enterprises
KAR-BON MINING COMPANY INC,karbon_mining
NEW ACTON COAL MINING COMPANY INC,new_acton_coal_mining
NUGGET COAL COMPANY INC,nugget_coal
NUGGET COAL COMPANY INC,nugget_coal
ELK PARK INC,elk_park
ELK PARK INC,elk_park
BAR COAL INC,bar_coal
BAR COAL INC,bar_coal
BAR COAL INC,bar_coal
BAR COAL INC,bar_coal
BAR COAL INC,bar_coal
WEST ENERGY INC,west_energy
DRUMMOND COMPANY INC,drummond
WHITE OAK MINING CO INC,white_oak_mining
PICKENS COAL INC,pickens_coal
PICKENS COAL INC,pickens_coal
ALABAMA LAND AND MINERAL CORP,alabama_land_and_mineral
BURLESON AND MULLINS COAL CO INC,burleson_and_mullins_coal
NUGGET COAL COMPANY INC,nugget_coal
NUGGET COAL COMPANY INC,nugget_coal
NUGGET COAL COMPANY INC,nugget_coal
GUN MINING CO INC,gun_mining
CEDAR CREEK MINING COMPANY INC,cedar_creek_mining
CEDAR CREEK MINING COMPANY INC,cedar_creek_mining
ALABAMA LAND AND MINERAL CORP,alabama_land_and_mineral
ALABAMA LAND AND MINERAL CORP,alabama_land_and_mineral
ALABAMA LAND AND MINERAL CORP,alabama_land_and_mineral
DRUMMOND COMPANY INC,drummond
DRUMMOND COMPANY INC,drummond
DRUMMOND COMPANY INC,drummond
ABSTON CONSTRUCTION COMPANY INC,abston_construction
ABSTON CONSTRUCTION COMPANY INC,abston_construction
ABSTON CONSTRUCTION COMPANY INC,abston_construction
ATS INC,ats
ATS INC,ats
DRUMMOND COMPANY INC,drummond
SURE COAL INC,sure_coal
BLACK WARRIOR MINERALS INC,black_warrior_minerals
NEW ACTON COAL MINING COMPANY INC,new_acton_coal_mining
A J TAFT COAL CO INCORPORATED,a_j_taft_coal
A J TAFT COAL CO INCORPORATED,a_j_taft_coal
A J TAFT COAL CO INCORPORATED,a_j_taft_coal
RIVER KING ENERGY COMPANY OF ALABAMA INC,river_king_energy_of_alabama
RIVER KING ENERGY COMPANY OF ALABAMA INC,river_king_energy_of_alabama
RIVER KING ENERGY COMPANY OF ALABAMA INC,river_king_energy_of_alabama
DRUMMOND COMPANY INC,drummond
DRUMMOND COMPANY INC,drummond
BLACK WARRIOR MINERALS INC,black_warrior_minerals
OSBORN COAL ENTERPRISES INC,osborn_coal_enterprises
OSBORN COAL ENTERPRISES INC,osborn_coal_enterprises
MCCLARTY CONSTRUCTION & EQUIPMENT CO INC,mcclarty_construction_equipment
MCCLARTY CONSTRUCTION & EQUIPMENT CO INC,mcclarty_construction_equipment
MCCLARTY CONSTRUCTION & EQUIPMENT CO INC,mcclarty_construction_equipment
C & H MINING COMPANY INC,c_h_mining
APEX COAL CORPORATION,apex_coal
APEX COAL CORPORATION,apex_coal
MCWANE INC,mcwane
C & H MINING COMPANY INC,c_h_mining
MCWANE INC,mcwane
SONICLEAN COAL OF ALABAMA INC,soniclean_coal_of_alabama
IMAC ENERGY INC,imac_energy
IMAC ENERGY INC,imac_energy
ABSTON CONSTRUCTION COMPANY INC,abston_construction
FAULKNER ENERGY CORPORATION,faulkner_energy
FAULKNER ENERGY CORPORATION,faulkner_energy
FAULKNER ENERGY CORPORATION,faulkner_energy
DRUMMOND COMPANY INC,drummond
DRUMMOND COMPANY INC,drummond
DRUMMOND COMPANY INC,drummond
ABSTON CONSTRUCTION COMPANY INC,abston_construction
DOVE COAL CORPORATION,dove_coal
DOVE COAL CORPORATION,dove_coal
BIG SANDY ENTERPRISES INC,big_sandy_enterprises
BIG SANDY ENTERPRISES INC,big_sandy_enterprises
BIG SANDY ENTERPRISES INC,big_sandy_enterprises
APEX COAL CORPORATION,apex_coal
APEX COAL CORPORATION,apex_coal
TAFT COAL SALES & ASSOCIATES INC,taft_coal_sales_associates
ROCKY RIDGE COAL INC,rocky_ridge_coal
WHITE OAK MINING CO INC,white_oak_mining
WHITE OAK MINING CO INC,white_oak_mining
CENTRAL MINING INC,central_mining
CENTRAL MINING INC,central_mining
ALABAMA LAND AND MINERAL CORP,alabama_land_and_mineral
C & H MINING COMPANY INC,c_h_mining
C & H MINING COMPANY INC,c_h_mining
C & H MINING COMPANY INC,c_h_mining
C & H MINING COMPANY INC,c_h_mining
ABSTON CONSTRUCTION COMPANY INC,abston_construction
LONG BRANCH COAL CO INC,long_branch_coal
APEX COAL CORPORATION,apex_coal
FAULKNER ENERGY CORPORATION,faulkner_energy
FAULKNER ENERGY CORPORATION,faulkner_energy
APEX COAL CORPORATION,apex_coal
APEX COAL CORPORATION,apex_coal
APEX COAL CORPORATION,apex_coal
APEX COAL CORPORATION,apex_coal
APEX COAL CORPORATION,apex_coal
ABSTON CONSTRUCTION COMPANY INC,abston_construction
ALABAMA LAND AND MINERAL CORP,alabama_land_and_mineral
ALABAMA LAND AND MINERAL CORP,alabama_land_and_mineral
FAULKNER ENERGY CORPORATION,faulkner_energy
FAULKNER ENERGY CORPORATION,faulkner_energy
FAULKNER ENERGY CORPORATION,faulkner_energy
VIKING ENERGY GROUP INC,viking_energy_group
NEW ACTON COAL MINING COMPANY INC,new_acton_coal_mining
GUN MINING CO INC,gun_mining
GUN MINING CO INC,gun_mining
BARON COAL COMPANY INC,baron_coal
NEW ACTON COAL MINING COMPANY INC,new_acton_coal_mining
NEW ACTON COAL MINING COMPANY INC,new_acton_coal_mining
PICKENS COAL INC,pickens_coal
C & H MINING COMPANY INC,c_h_mining
C & H MINING COMPANY INC,c_h_mining
C & H MINING COMPANY INC,c_h_mining
RUSSELL COAL INCORPORATED,russell_coal
ALABAMA LAND AND MINERAL CORP,alabama_land_and_mineral
BONANZA COAL INC,bonanza_coal
BONANZA COAL INC,bonanza_coal
BONANZA COAL INC,bonanza_coal
BONANZA COAL INC,bonanza_coal
ALABAMA LAND AND MINERAL CORP,alabama_land_and_mineral
APEX MINING COMPANY INC,apex_mining
APEX MINING COMPANY INC,apex_mining
BLACK WARRIOR MINERALS INC,black_warrior_minerals
NELSON CONTRACTING ENGINEERING INC,nelson_contracting_engineering
NELSON CONTRACTING ENGINEERING INC,nelson_contracting_engineering
DRUMMOND COMPANY INC,drummond
WEST ENERGY INC,west_energy
WEST ENERGY INC,west_energy
ALABAMA LAND AND MINERAL CORP,alabama_land_and_mineral
ALABAMA LAND AND MINERAL CORP,alabama_land_and_mineral
ALABAMA LAND AND MINERAL CORP,alabama_land_and_mineral
ALABAMA LAND AND MINERAL CORP,alabama_land_and_mineral
ALABAMA LAND AND MINERAL CORP,alabama_land_and_mineral
REED MINERALS INC,reed_minerals
BUSHA COAL COMPANY INC,busha_coal
MCCLARTY CONSTRUCTION & EQUIPMENT CO INC,mcclarty_construction_equipment
NATIONAL COAL OF ALABAMA INC,national_coal_of_alabama
APOGEE COAL COMPANY INC,apogee_coal
ALABAMA LAND AND MINERAL CORP,alabama_land_and_mineral
N P MINING COMPANY INC,n_p_mining
N P MINING COMPANY INC,n_p_mining
N P MINING COMPANY INC,n_p_mining
C & H MINING COMPANY INC,c_h_mining
LONG BRANCH COAL CO INC,long_branch_coal
LONG BRANCH COAL CO INC,long_branch_coal
DIXIE SPRINGS ENTERPRISES INC,dixie_springs_enterprises
DIXIE SPRINGS ENTERPRISES INC,dixie_springs_enterprises
DIXIE SPRINGS ENTERPRISES INC,dixie_springs_enterprises
APEX MINING COMPANY INC,apex_mining
APEX MINING COMPANY INC,apex_mining
APEX MINING COMPANY INC,apex_mining
ALLIED PRODUCTS COMPANY,allied_products
SIGNA MINING INC,signa_mining
GUN MINING CO INC,gun_mining
UPPER CLIFF MINING CO INC,upper_cliff_mining
HALEY BROS & PARTRIDGE COAL INC,haley_bros_partridge_coal
HALEY BROS & PARTRIDGE COAL INC,haley_bros_partridge_coal
HALEY BROS & PARTRIDGE COAL INC,haley_bros_partridge_coal
HALEY BROS & PARTRIDGE COAL INC,haley_bros_partridge_coal
HALEY BROS & PARTRIDGE COAL INC,haley_bros_partridge_coal
HALEY BROS & PARTRIDGE COAL INC,haley_bros_partridge_coal
HALEY BROS & PARTRIDGE COAL INC,haley_bros_partridge_coal
C & H MINING COMPANY INC,c_h_mining
C & H MINING COMPANY INC,c_h_mining
C & H MINING COMPANY INC,c_h_mining
C & H MINING COMPANY INC,c_h_mining
C & H MINING COMPANY INC,c_h_mining
IMAC ENERGY INC,imac_energy
IMAC ENERGY INC,imac_energy
BARON COAL COMPANY INC,baron_coal
NELSON CONTRACTING ENGINEERING INC,nelson_contracting_engineering
FAULKNER ENERGY CORPORATION,faulkner_energy
FAULKNER ENERGY CORPORATION,faulkner_energy
FAULKNER ENERGY CORPORATION,faulkner_energy
FAULKNER ENERGY CORPORATION,faulkner_energy
CENTRAL MINING INC,central_mining
CENTRAL MINING INC,central_mining
ALABAMA LAND AND MINERAL CORP,alabama_land_and_mineral
DRUMMOND COMPANY INC,drummond
DRUMMOND COMPANY INC,drummond
DRUMMOND COMPANY INC,drummond
DIXIE LAND & MINING CO,dixie_land_mining
PICKENS COAL INC,pickens_coal
PICKENS COAL INC,pickens_coal
WHITE OAK MINING CO INC,white_oak_mining
PICKENS COAL INC,pickens_coal
PICKENS COAL INC,pickens_coal
PICKENS COAL INC,pickens_coal
PICKENS COAL INC,pickens_coal
PICKENS COAL INC,pickens_coal
PICKENS COAL INC,pickens_coal
ALABAMA LAND AND MINERAL CORP,alabama_land_and_mineral
CENTRAL MINING INC,central_mining
CENTRAL MINING INC,central_mining
CENTRAL MINING INC,central_mining
M S & R EQUIPMENT CO INC,m_s_r_equipment
M S & R EQUIPMENT CO INC,m_s_r_equipment
M S & R EQUIPMENT CO INC,m_s_r_equipment
M S & R EQUIPMENT CO INC,m_s_r_equipment
HALLMARK & SON COAL COMPANY,hallmark_son_coal
B & B MINING CO,b_mining
B & B MINING CO,b_mining
B & B MINING CO,b_mining
WEST ENERGY INC,west_energy
WEST ENERGY INC,west_energy
GUN MINING CO INC,gun_mining
GUN MINING CO INC,gun_mining
NEW CIRCLE INC,new_circle
C & H MINING COMPANY INC,c_h_mining
C & H MINING COMPANY INC,c_h_mining
RYAN`S COAL CO INC,ryans_coal
RUSSELL COAL INCORPORATED,russell_coal
RUSSELL COAL INCORPORATED,russell_coal
RUSSELL COAL INCORPORATED,russell_coal
ALABAMA LAND AND MINERAL CORP,alabama_land_and_mineral
ALABAMA LAND AND MINERAL CORP,alabama_land_and_mineral
APOGEE COAL COMPANY INC,apogee_coal
BIRMINGHAM COAL & COKE COMPANY INC,birmingham_coal_coke
BIRMINGHAM COAL & COKE COMPANY INC,birmingham_coal_coke
BIRMINGHAM COAL & COKE COMPANY INC,birmingham_coal_coke
BIRMINGHAM COAL & COKE COMPANY INC,birmingham_coal_coke
BIRMINGHAM COAL & COKE COMPANY INC,birmingham_coal_coke
MCWANE INC,mcwane
FAULKNER ENERGY CORPORATION,faulkner_energy
FAULKNER ENERGY CORPORATION,faulkner_energy
FAULKNER ENERGY CORPORATION,faulkner_energy
MCCLARTY CONSTRUCTION & EQUIPMENT CO INC,mcclarty_construction_equipment
MCCLARTY CONSTRUCTION & EQUIPMENT CO INC,mcclarty_construction_equipment
HALEY BROS & PARTRIDGE COAL INC,haley_bros_partridge_coal
HALEY BROS & PARTRIDGE COAL INC,haley_bros_partridge_coal
IMAC ENERGY INC,imac_energy
N P MINING COMPANY INC,n_p_mining
N P MINING COMPANY INC,n_p_mining
N P MINING COMPANY INC,n_p_mining
N P MINING COMPANY INC,n_p_mining
N P MINING COMPANY INC,n_p_mining
N P MINING COMPANY INC,n_p_mining
BIRMINGHAM COAL & COKE COMPANY INC,birmingham_coal_coke
MCWANE INC,mcwane
ALABAMA LAND AND MINERAL CORP,alabama_land_and_mineral
HALEY BROS & PARTRIDGE COAL INC,haley_bros_partridge_coal
HALEY BROS & PARTRIDGE COAL INC,haley_bros_partridge_coal
J & G COAL COMPANY INC,j_g_coal
ALABAMA LAND AND MINERAL CORP,alabama_land_and_mineral
ALABAMA LAND AND MINERAL CORP,alabama_land_and_mineral
ALABAMA LAND AND MINERAL CORP,alabama_land_and_mineral
ALABAMA LAND AND MINERAL CORP,alabama_land_and_mineral
ALABAMA LAND AND MINERAL CORP,alabama_land_and_mineral
RUSSELL COAL INCORPORATED,russell_coal
ALABAMA LAND AND MINERAL CORP,alabama_land_and_mineral
,nan
NELSON CONTRACTING ENGINEERING INC,nelson_contracting_engineering
ALABAMA LAND AND MINERAL CORP,alabama_land_and_mineral
ALABAMA LAND AND MINERAL CORP,alabama_land_and_mineral
MYERS COAL COMPANY INC,myers_coal
MYERS COAL COMPANY INC,myers_coal
MYERS COAL COMPANY INC,myers_coal
ALABAMA LAND AND MINERAL CORP,alabama_land_and_mineral
ALABAMA LAND AND MINERAL CORP,alabama_land_and_mineral
ALABAMA LAND AND MINERAL CORP,alabama_land_and_mineral
ALABAMA LAND AND MINERAL CORP,alabama_land_and_mineral
FLOYD MINING COMPANY INC,floyd_mining
N P MINING COMPANY INC,n_p_mining
THE PITTSBURG & MIDWAY COAL MINING CO,the_pittsburg_midway_coal_mining
BERRY MOUNTAIN MINING CO INC,berry_mountain_mining
APEX MINING COMPANY INC,apex_mining
APEX MINING COMPANY INC,apex_mining
YANCEY & YANCEY INC,yancey
ROCK CITY COAL & EQUIPMENT INC,rock_city_coal_equipment
PICKENS COAL INC,pickens_coal
PICKENS COAL INC,pickens_coal
PICKENS COAL INC,pickens_coal
PICKENS COAL INC,pickens_coal
PICKENS COAL INC,pickens_coal
PICKENS COAL INC,pickens_coal
PICKENS COAL INC,pickens_coal
BUSHA COAL COMPANY INC,busha_coal
,nan
FAULKNER ENERGY CORPORATION,faulkner_energy
FAULKNER ENERGY CORPORATION,faulkner_energy
BOOKOUT CONSTRUCTION & MINING CORP,bookout_construction_mining
BOOKOUT CONSTRUCTION & MINING CORP,bookout_construction_mining
ALABAMA LAND AND MINERAL CORP,alabama_land_and_mineral
ALABAMA LAND AND MINERAL CORP,alabama_land_and_mineral
NORTHEAST ALABAMA COAL COMPANY,northeast_alabama_coal
PICKENS SAND & GRAVEL COMPANY INC,pickens_sand_gravel
PICKENS SAND & GRAVEL COMPANY INC,pickens_sand_gravel
SOUTH CENTRAL RESOURCES INC,south_central_resources
Q & R COAL COMPANY INC,q_r_coal
PICKENS SAND & GRAVEL COMPANY INC,pickens_sand_gravel
NELSON CONTRACTING ENGINEERING INC,nelson_contracting_engineering
NELSON CONTRACTING ENGINEERING INC,nelson_contracting_engineering
PICKENS COAL INC,pickens_coal
PICKENS COAL INC,pickens_coal
PICKENS COAL INC,pickens_coal
PICKENS COAL INC,pickens_coal
PICKENS COAL INC,pickens_coal
PICKENS COAL INC,pickens_coal
PICKENS COAL INC,pickens_coal
PICKENS COAL INC,pickens_coal
FIELDS & CORNELIUS COAL COMPANY,fields_cornelius_coal
B A S S COAL INC,s_coal
B A S S COAL INC,s_coal
RYAN`S COAL CO INC,ryans_coal
CENTRAL MINING INC,central_mining
CENTRAL MINING INC,central_mining
KING COAL COMPANY INC,king_coal
GUN MINING CO INC,gun_mining
HULL COAL COMPANY INC,hull_coal
BERRY MOUNTAIN MINING CO INC,berry_mountain_mining
BERRY MOUNTAIN MINING CO INC,berry_mountain_mining
BERRY MOUNTAIN MINING CO INC,berry_mountain_mining
BERRY MOUNTAIN MINING CO INC,berry_mountain_mining
BERRY MOUNTAIN MINING CO INC,berry_mountain_mining
THE PITTSBURG & MIDWAY COAL MINING CO,the_pittsburg_midway_coal_mining
THE PITTSBURG & MIDWAY COAL MINING CO,the_pittsburg_midway_coal_mining
RON COAL COMPANY INC,ron_coal
RON COAL COMPANY INC,ron_coal
RON COAL COMPANY INC,ron_coal
RON COAL COMPANY INC,ron_coal
RON COAL COMPANY INC,ron_coal
RON COAL COMPANY INC,ron_coal
RON COAL COMPANY INC,ron_coal
RON COAL COMPANY INC,ron_coal
RON COAL COMPANY INC,ron_coal
SAND MOUNTAIN MINERALS INC,sand_mountain_minerals
ROCK CITY COAL & EQUIPMENT INC,rock_city_coal_equipment
MITCHELL AND NEELY INC,mitchell_and_neely
MITCHELL AND NEELY INC,mitchell_and_neely
MITCHELL AND NEELY INC,mitchell_and_neely
CENTRAL MINING INC,central_mining
COSTAIN COAL INC,costain_coal
COSTAIN COAL INC,costain_coal
COSTAIN COAL INC,costain_coal
ALABAMA LAND AND MINERAL CORP,alabama_land_and_mineral
ALABAMA LAND AND MINERAL CORP,alabama_land_and_mineral
ALABAMA LAND AND MINERAL CORP,alabama_land_and_mineral
ALABAMA LAND AND MINERAL CORP,alabama_land_and_mineral
ALABAMA LAND AND MINERAL CORP,alabama_land_and_mineral
ALABAMA LAND AND MINERAL CORP,alabama_land_and_mineral
ALABAMA LAND AND MINERAL CORP,alabama_land_and_mineral
BIRMINGHAM COAL & COKE COMPANY INC,birmingham_coal_coke
BIRMINGHAM COAL & COKE COMPANY INC,birmingham_coal_coke
BIRMINGHAM COAL & COKE COMPANY INC,birmingham_coal_coke
BIRMINGHAM COAL & COKE COMPANY INC,birmingham_coal_coke
APEX MINING COMPANY INC,apex_mining
APEX MINING COMPANY INC,apex_mining
APEX MINING COMPANY INC,apex_mining
APEX MINING COMPANY INC,apex_mining
COALITE INC,coalite
COALITE INC,coalite
COALITE INC,coalite
COALITE INC,coalite
COALITE INC,coalite
COALITE INC,coalite
ALABAMA LAND AND MINERAL CORP,alabama_land_and_mineral
ALABAMA LAND AND MINERAL CORP,alabama_land_and_mineral
OAK GROVE COAL COMPANY INC,oak_grove_coal
OAK GROVE COAL COMPANY INC,oak_grove_coal
OAK GROVE COAL COMPANY INC,oak_grove_coal
ALABAMA LAND AND MINERAL CORP,alabama_land_and_mineral
ALABAMA LAND AND MINERAL CORP,alabama_land_and_mineral
ALABAMA LAND AND MINERAL CORP,alabama_land_and_mineral
ALABAMA LAND AND MINERAL CORP,alabama_land_and_mineral
ALABAMA LAND AND MINERAL CORP,alabama_land_and_mineral
ALABAMA LAND AND MINERAL CORP,alabama_land_and_mineral
,nan
,nan
,nan
,nan
ABSTON CONSTRUCTION COMPANY INC,abston_construction
CALVERT & MARSH COAL CO INC,calvert_marsh_coal
ABSTON CONSTRUCTION COMPANY INC,abston_construction
ABSTON CONSTRUCTION COMPANY INC,abston_construction
C & H MINING COMPANY INC,c_h_mining
UPPER CLIFF MINING CO INC,upper_cliff_mining
UPPER CLIFF MINING CO INC,upper_cliff_mining
HALLMARK & SON COAL COMPANY,hallmark_son_coal
,nan
HALLMARK & SON COAL COMPANY,hallmark_son_coal
HALLMARK & SON COAL COMPANY,hallmark_son_coal
HALLMARK & SON COAL COMPANY,hallmark_son_coal
HALLMARK & SON COAL COMPANY,hallmark_son_coal
HALLMARK & SON COAL COMPANY,hallmark_son_coal
HALLMARK & SON COAL COMPANY,hallmark_son_coal
GUN MINING CO INC,gun_mining
GUN MINING CO INC,gun_mining
GUN MINING CO INC,gun_mining
GUN MINING CO INC,gun_mining
YANCEY & YANCEY INC,yancey
YANCEY & YANCEY INC,yancey
YANCEY & YANCEY INC,yancey
YANCEY & YANCEY INC,yancey
BASIN COAL COMPANY INC,basin_coal
BASIN COAL COMPANY INC,basin_coal
BASIN COAL COMPANY INC,basin_coal
SAND MOUNTAIN MINERALS INC,sand_mountain_minerals
SAND MOUNTAIN MINERALS INC,sand_mountain_minerals
SAND MOUNTAIN MINERALS INC,sand_mountain_minerals
SAND MOUNTAIN MINERALS INC,sand_mountain_minerals
SAND MOUNTAIN MINERALS INC,sand_mountain_minerals
SAND MOUNTAIN MINERALS INC,sand_mountain_minerals
SAND MOUNTAIN MINERALS INC,sand_mountain_minerals
,nan
NEW ACTON COAL MINING COMPANY INC,new_acton_coal_mining
NEW ACTON COAL MINING COMPANY INC,new_acton_coal_mining
MITCHELL AND NEELY INC,mitchell_and_neely
MITCHELL AND NEELY INC,mitchell_and_neely
MITCHELL AND NEELY INC,mitchell_and_neely
MITCHELL AND NEELY INC,mitchell_and_neely
MITCHELL AND NEELY INC,mitchell_and_neely
MITCHELL AND NEELY INC,mitchell_and_neely
MITCHELL AND NEELY INC,mitchell_and_neely
MITCHELL AND NEELY INC,mitchell_and_neely
MITCHELL AND NEELY INC,mitchell_and_neely
MITCHELL AND NEELY INC,mitchell_and_neely
HALEY BROS & PARTRIDGE COAL INC,haley_bros_partridge_coal
HALEY BROS & PARTRIDGE COAL INC,haley_bros_partridge_coal
WEST ENERGY INC,west_energy
WEST ENERGY INC,west_energy
BULLOCK MINING COMPANY INC,bullock_mining
BULLOCK MINING COMPANY INC,bullock_mining
BULLOCK MINING COMPANY INC,bullock_mining
BULLOCK MINING COMPANY INC,bullock_mining
HALEY BROS & PARTRIDGE COAL INC,haley_bros_partridge_coal
N P MINING COMPANY INC,n_p_mining
NICKEL PLATE MINING COMPANY INCORPORATED,nickel_plate_mining
NICKEL PLATE MINING COMPANY INCORPORATED,nickel_plate_mining
NICKEL PLATE MINING COMPANY INCORPORATED,nickel_plate_mining
NICKEL PLATE MINING COMPANY INCORPORATED,nickel_plate_mining
NICKEL PLATE MINING COMPANY INCORPORATED,nickel_plate_mining
NICKEL PLATE MINING COMPANY INCORPORATED,nickel_plate_mining
BERRY MOUNTAIN MINING CO INC,berry_mountain_mining
BERRY MOUNTAIN MINING CO INC,berry_mountain_mining
BERRY MOUNTAIN MINING CO INC,berry_mountain_mining
BERRY MOUNTAIN MINING CO INC,berry_mountain_mining
BERRY MOUNTAIN MINING CO INC,berry_mountain_mining
BURGESS MINING & CONSTRUCTION CORP,burgess_mining_construction
BURGESS MINING & CONSTRUCTION CORP,burgess_mining_construction
BURGESS MINING & CONSTRUCTION CORP,burgess_mining_construction
BURGESS MINING & CONSTRUCTION CORP,burgess_mining_construction
BERRY MOUNTAIN MINING CO INC,berry_mountain_mining
BERRY MOUNTAIN MINING CO INC,berry_mountain_mining
BERRY MOUNTAIN MINING CO INC,berry_mountain_mining
BERRY MOUNTAIN MINING CO INC,berry_mountain_mining
DIXIE SPRINGS ENTERPRISES INC,dixie_springs_enterprises
DIXIE SPRINGS ENTERPRISES INC,dixie_springs_enterprises
DIXIE SPRINGS ENTERPRISES INC,dixie_springs_enterprises
DIXIE SPRINGS ENTERPRISES INC,dixie_springs_enterprises
DIXIE SPRINGS ENTERPRISES INC,dixie_springs_enterprises
DIXIE SPRINGS ENTERPRISES INC,dixie_springs_enterprises
DIXIE SPRINGS ENTERPRISES INC,dixie_springs_enterprises
DIXIE SPRINGS ENTERPRISES INC,dixie_springs_enterprises
DIXIE SPRINGS ENTERPRISES INC,dixie_springs_enterprises
DIXIE SPRINGS ENTERPRISES INC,dixie_springs_enterprises
A J TAFT COAL CO INCORPORATED,a_j_taft_coal
ALABAMA LAND AND MINERAL CORP,alabama_land_and_mineral
ALABAMA LAND AND MINERAL CORP,alabama_land_and_mineral
RUSSELL COAL INCORPORATED,russell_coal
RUSSELL COAL INCORPORATED,russell_coal
RUSSELL COAL INCORPORATED,russell_coal
RUSSELL COAL INCORPORATED,russell_coal
RUSSELL COAL INCORPORATED,russell_coal
RUSSELL COAL INCORPORATED,russell_coal
RUSSELL COAL INCORPORATED,russell_coal
RUSSELL COAL INCORPORATED,russell_coal
RUSSELL COAL INCORPORATED,russell_coal
RUSSELL COAL INCORPORATED,russell_coal
ALABAMA LAND AND MINERAL CORP,alabama_land_and_mineral
ALABAMA LAND AND MINERAL CORP,alabama_land_and_mineral
ALABAMA LAND AND MINERAL CORP,alabama_land_and_mineral
ALABAMA LAND AND MINERAL CORP,alabama_land_and_mineral
ALABAMA LAND AND MINERAL CORP,alabama_land_and_mineral
THE PITTSBURG & MIDWAY COAL MINING CO,the_pittsburg_midway_coal_mining
THE PITTSBURG & MIDWAY COAL MINING CO,the_pittsburg_midway_coal_mining
FLOYD MINING COMPANY INC,floyd_mining
NELSON CONTRACTING ENGINEERING INC,nelson_contracting_engineering
NELSON CONTRACTING ENGINEERING INC,nelson_contracting_engineering
MCWANE INC,mcwane
,nan
ALABAMA LAND AND MINERAL CORP,alabama_land_and_mineral
APOGEE COAL COMPANY INC,apogee_coal
APOGEE COAL COMPANY INC,apogee_coal
DRUMMOND COAL COMPANY,drummond_coal
DRUMMOND COAL COMPANY,drummond_coal
DRUMMOND COAL COMPANY,drummond_coal
DRUMMOND COAL COMPANY,drummond_coal
DRUMMOND COMPANY INC,drummond
DRUMMOND COMPANY INC,drummond
DRUMMOND COMPANY INC,drummond
DRUMMOND COMPANY INC,drummond
DRUMMOND COAL COMPANY,drummond_coal
BLACK WARRIOR MINERALS INC,black_warrior_minerals
BLACK WARRIOR MINERALS INC,black_warrior_minerals
BLACK WARRIOR MINERALS INC,black_warrior_minerals
BLACK WARRIOR MINERALS INC,black_warrior_minerals
DRUMMOND COAL COMPANY,drummond_coal
DRUMMOND COAL COMPANY,drummond_coal
DRUMMOND COAL COMPANY,drummond_coal
DRUMMOND COAL COMPANY,drummond_coal
DRUMMOND COAL COMPANY,drummond_coal
DRUMMOND COAL COMPANY,drummond_coal
DRUMMOND COAL COMPANY,drummond_coal
DRUMMOND COAL COMPANY,drummond_coal
DRUMMOND COAL COMPANY,drummond_coal
DRUMMOND COAL COMPANY,drummond_coal
DRUMMOND COAL COMPANY,drummond_coal
DRUMMOND COAL COMPANY,drummond_coal
DRUMMOND COAL COMPANY,drummond_coal
DRUMMOND COAL COMPANY,drummond_coal
DRUMMOND COAL COMPANY,drummond_coal
DRUMMOND COAL COMPANY,drummond_coal
DRUMMOND COMPANY INC,drummond
DRUMMOND COMPANY INC,drummond
DRUMMOND COMPANY INC,drummond
DRUMMOND COMPANY INC,drummond
DRUMMOND COMPANY INC,drummond
RUSSELL COAL INCORPORATED,russell_coal
DRUMMOND COAL COMPANY,drummond_coal
DRUMMOND COAL COMPANY,drummond_coal
DRUMMOND COAL COMPANY,drummond_coal
DRUMMOND COAL COMPANY,drummond_coal
DRUMMOND COAL COMPANY,drummond_coal
DRUMMOND COAL COMPANY,drummond_coal
DRUMMOND COAL COMPANY,drummond_coal
DRUMMOND COAL COMPANY,drummond_coal
DRUMMOND COAL COMPANY,drummond_coal
DRUMMOND COAL COMPANY,drummond_coal
C & H MINING COMPANY INC,c_h_mining
C & H MINING COMPANY INC,c_h_mining
C & H MINING COMPANY INC,c_h_mining
DRUMMOND COAL COMPANY,drummond_coal
DRUMMOND COAL COMPANY,drummond_coal
DRUMMOND COAL COMPANY,drummond_coal
DRUMMOND COAL COMPANY,drummond_coal
SONICLEAN COAL OF ALABAMA INC,soniclean_coal_of_alabama
SONICLEAN COAL OF ALABAMA INC,soniclean_coal_of_alabama
SONICLEAN COAL OF ALABAMA INC,soniclean_coal_of_alabama
HALEY BROS COAL INC,haley_bros_coal
BIRMINGHAM COAL & COKE COMPANY INC,birmingham_coal_coke
BIRMINGHAM COAL & COKE COMPANY INC,birmingham_coal_coke
BIRMINGHAM COAL & COKE COMPANY INC,birmingham_coal_coke
BIRMINGHAM COAL & COKE COMPANY INC,birmingham_coal_coke
BIRMINGHAM COAL & COKE COMPANY INC,birmingham_coal_coke
NATIONAL COAL OF ALABAMA INC,national_coal_of_alabama
NATIONAL COAL OF ALABAMA INC,national_coal_of_alabama
NATIONAL COAL OF ALABAMA INC,national_coal_of_alabama
NATIONAL COAL OF ALABAMA INC,national_coal_of_alabama
DRUMMOND COMPANY INC,drummond
GTM ENERGY PARTNERS LLC,gtm_energy_partners
M E GROUP INC,m_e_group
M E GROUP INC,m_e_group
HALEY BROS COAL INC,haley_bros_coal
CENTENNIAL NATURAL RESOURCES LLC,centennial_natural_resources
CENTENNIAL NATURAL RESOURCES LLC,centennial_natural_resources
BLACK BEAUTY COAL INC,black_beauty_coal
SOUTHLAND RESOURCES INC,southland_resources
SOUTHLAND RESOURCES INC,southland_resources
SOUTHLAND RESOURCES INC,southland_resources
DRUMMOND COMPANY INC.,drummond
NATIONAL COAL OF ALABAMA INC,national_coal_of_alabama
NATIONAL COAL OF ALABAMA INC,national_coal_of_alabama
DRUMMOND COMPANY INC,drummond
DRUMMOND COMPANY INC,drummond
DRUMMOND COMPANY INC,drummond
DRUMMOND COMPANY INC,drummond
DRUMMOND COMPANY INC,drummond
DRUMMOND COMPANY INC,drummond
DRUMMOND COMPANY INC,drummond
DRUMMOND COMPANY INC,drummond
DRUMMOND COMPANY INC,drummond
DRUMMOND COMPANY INC,drummond
DRUMMOND COMPANY INC,drummond
DRUMMOND COMPANY INC,drummond
DRUMMOND COMPANY INC,drummond
DRUMMOND COMPANY INC,drummond
DRUMMOND COMPANY INC,drummond
DRUMMOND COMPANY INC,drummond
DRUMMOND COMPANY INC,drummond
DRUMMOND COMPANY INC,drummond
ALABAMA LAND AND MINERAL CORP,alabama_land_and_mineral
ALABAMA LAND AND MINERAL CORP,alabama_land_and_mineral
ALABAMA LAND AND MINERAL CORP,alabama_land_and_mineral
M S & R EQUIPMENT CO INC,m_s_r_equipment
ALABAMA LAND AND MINERAL CORP,alabama_land_and_mineral
ALABAMA LAND AND MINERAL CORP,alabama_land_and_mineral
ALABAMA LAND AND MINERAL CORP,alabama_land_and_mineral
ALABAMA LAND AND MINERAL CORP,alabama_land_and_mineral
ALABAMA LAND AND MINERAL CORP,alabama_land_and_mineral
ALABAMA LAND AND MINERAL CORP,alabama_land_and_mineral
TACOA MINERALS LLC,tacoa_minerals
TACOA MINERALS LLC,tacoa_minerals
ALABAMA LAND AND MINERAL CORP,alabama_land_and_mineral
ALABAMA LAND AND MINERAL CORP,alabama_land_and_mineral
HALEY BROS COAL INC,haley_bros_coal
HALEY BROS COAL INC,haley_bros_coal
HALEY BROS COAL INC,haley_bros_coal
SUNRISE COAL CO LLC,sunrise_coal
SUNRISE COAL CO LLC,sunrise_coal
UPTOWN MOTORS INC,uptown_motors
TREADWAY INC,treadway
TREADWAY INC,treadway
TREADWAY INC,treadway
TREADWAY INC,treadway
CENTENNIAL NATURAL RESOURCES LLC,centennial_natural_resources
CENTENNIAL NATURAL RESOURCES LLC,centennial_natural_resources
CENTENNIAL NATURAL RESOURCES LLC,centennial_natural_resources
D & E MINING LLC,d_e_mining
D & E MINING LLC,d_e_mining
D & E MINING LLC,d_e_mining
D & E MINING LLC,d_e_mining
HALEY BROS COAL INC,haley_bros_coal
QUALITY COAL CO INC,quality_coal
LAGUNA RESOURCES INC,laguna_resources
TUSCALOOSA RESOURCES INC,tuscaloosa_resources
TUSCALOOSA RESOURCES INC,tuscaloosa_resources
HOPE COAL CO INC,hope_coal
HOPE COAL CO INC,hope_coal
HOPE COAL CO INC,hope_coal
HOPE COAL CO INC,hope_coal
SOUTHLAND RESOURCES INC,southland_resources
REED MINERALS INC,reed_minerals
REED MINERALS INC,reed_minerals
SOUTHLAND RESOURCES INC,southland_resources
REED MINERALS INC,reed_minerals
REED MINERALS INC,reed_minerals
REED MINERALS INC,reed_minerals
RJR MINING CO INC,rjr_mining
RJR MINING CO INC,rjr_mining
RJR MINING CO INC,rjr_mining
RJR MINING CO INC,rjr_mining
RJR MINING CO INC,rjr_mining
RJR MINING CO INC,rjr_mining
BLACK WARRIOR MINERALS INC,black_warrior_minerals
MCWANE INC,mcwane
MCWANE INC,mcwane
MCWANE INC,mcwane
MCWANE INC,mcwane
MCWANE INC,mcwane
HORSE CREEK MINING LLC,horse_creek_mining
HORSE CREEK MINING LLC,horse_creek_mining
HORSE CREEK MINING LLC,horse_creek_mining
M S & R EQUIPMENT CO INC,m_s_r_equipment
NATIONAL COAL OF ALABAMA INC,national_coal_of_alabama
CARBON TECH MINING CORPORATION,carbon_tech_mining
CARBON TECH MINING CORPORATION,carbon_tech_mining
CARBON TECH MINING CORPORATION,carbon_tech_mining
CARBON TECH MINING CORPORATION,carbon_tech_mining
CARBON TECH MINING CORPORATION,carbon_tech_mining
CARBON TECH MINING CORPORATION,carbon_tech_mining
CARBON TECH MINING CORPORATION,carbon_tech_mining
CARBON TECH MINING CORPORATION,carbon_tech_mining
QUALITY COAL CO INC,quality_coal
"THOMPSON SOUTH 1, LLC",thompson_south_1
"THOMPSON SOUTH 1, LLC",thompson_south_1
"THOMPSON SOUTH 1, LLC",thompson_south_1
"THOMPSON SOUTH 1, LLC",thompson_south_1
RJR MINING CO INC,rjr_mining
RJR MINING CO INC,rjr_mining
RJR MINING CO INC,rjr_mining
HALEY BROS COAL INC,haley_bros_coal
HALEY BROS COAL INC,haley_bros_coal
HALEY BROS COAL INC,haley_bros_coal
HALEY BROS COAL INC,haley_bros_coal
HALEY BROS COAL INC,haley_bros_coal
HALEY BROS COAL INC,haley_bros_coal
SHEPHERD BEND LLC,shepherd_bend
SHEPHERD BEND LLC,shepherd_bend
SHEPHERD BEND LLC,shepherd_bend
SHEPHERD BEND LLC,shepherd_bend
JIM WALTER RESOURCES INC,jim_walter_resources
JIM WALTER RESOURCES INC,jim_walter_resources
JIM WALTER RESOURCES INC,jim_walter_resources
JIM WALTER RESOURCES INC,jim_walter_resources
JIM WALTER RESOURCES INC,jim_walter_resources
JIM WALTER RESOURCES INC,jim_walter_resources
JIM WALTER RESOURCES INC,jim_walter_resources
JIM WALTER RESOURCES INC,jim_walter_resources
JIM WALTER RESOURCES INC,jim_walter_resources
JIM WALTER RESOURCES INC,jim_walter_resources
JIM WALTER RESOURCES INC,jim_walter_resources
SOUTHLAND RESOURCES INC,southland_resources
,nan
,nan
,nan
MIDSOUTH ENERGY GROUP LLC,midsouth_energy_group
MIDSOUTH ENERGY GROUP LLC,midsouth_energy_group
MIDSOUTH ENERGY GROUP LLC,midsouth_energy_group
MIDSOUTH ENERGY GROUP LLC,midsouth_energy_group
JUSTICE COAL OF ALABAMA LLC,justice_coal_of_alabama
JUSTICE COAL OF ALABAMA LLC,justice_coal_of_alabama
JUSTICE COAL OF ALABAMA LLC,justice_coal_of_alabama
JUSTICE COAL OF ALABAMA LLC,justice_coal_of_alabama
JUSTICE COAL OF ALABAMA LLC,justice_coal_of_alabama
JUSTICE COAL OF ALABAMA LLC,justice_coal_of_alabama
JUSTICE COAL OF ALABAMA LLC,justice_coal_of_alabama
JUSTICE COAL OF ALABAMA LLC,justice_coal_of_alabama
EVERGREEN MINING LLC,evergreen_mining
EVERGREEN MINING LLC,evergreen_mining
EVERGREEN MINING LLC,evergreen_mining
EVERGREEN MINING LLC,evergreen_mining
WARRIOR 282 LLC,warrior_282
WARRIOR 282 LLC,warrior_282
WARRIOR 282 LLC,warrior_282
WARRIOR 282 LLC,warrior_282
WARRIOR 282 LLC,warrior_282
WARRIOR 282 LLC,warrior_282
JUSTICE COAL OF ALABAMA LLC,justice_coal_of_alabama
JUSTICE COAL OF ALABAMA LLC,justice_coal_of_alabama
JUSTICE COAL OF ALABAMA LLC,justice_coal_of_alabama
JUSTICE COAL OF ALABAMA LLC,justice_coal_of_alabama
JUSTICE COAL OF ALABAMA LLC,justice_coal_of_alabama
JUSTICE COAL OF ALABAMA LLC,justice_coal_of_alabama
JUSTICE COAL OF ALABAMA LLC,justice_coal_of_alabama
JUSTICE COAL OF ALABAMA LLC,justice_coal_of_alabama
JUSTICE COAL OF ALABAMA LLC,justice_coal_of_alabama
JUSTICE COAL OF ALABAMA LLC,justice_coal_of_alabama
JUSTICE COAL OF ALABAMA LLC,justice_coal_of_alabama
JUSTICE COAL OF ALABAMA LLC,justice_coal_of_alabama
JUSTICE COAL OF ALABAMA LLC,justice_coal_of_alabama
JUSTICE COAL OF ALABAMA LLC,justice_coal_of_alabama
JUSTICE COAL OF ALABAMA LLC,justice_coal_of_alabama
JUSTICE COAL OF ALABAMA LLC,justice_coal_of_alabama
JUSTICE COAL OF ALABAMA LLC,justice_coal_of_alabama
JUSTICE COAL OF ALABAMA LLC,justice_coal_of_alabama
CENTENNIAL NATURAL RESOURCES LLC,centennial_natural_resources
CENTENNIAL NATURAL RESOURCES LLC,centennial_natural_resources
CENTENNIAL NATURAL RESOURCES LLC,centennial_natural_resources
CENTENNIAL NATURAL RESOURCES LLC,centennial_natural_resources
CENTENNIAL NATURAL RESOURCES LLC,centennial_natural_resources
CENTENNIAL NATURAL RESOURCES LLC,centennial_natural_resources
CENTENNIAL NATURAL RESOURCES LLC,centennial_natural_resources
CENTENNIAL NATURAL RESOURCES LLC,centennial_natural_resources
EVERGREEN MINING LLC,evergreen_mining
EVERGREEN MINING LLC,evergreen_mining
EVERGREEN MINING LLC,evergreen_mining
EVERGREEN MINING LLC,evergreen_mining
EVERGREEN MINING LLC,evergreen_mining
EVERGREEN MINING LLC,evergreen_mining
BEST COAL INC,best_coal
BEST COAL INC,best_coal
BLACK WARRIOR MINERALS INC,black_warrior_minerals
BLACK WARRIOR MINERALS INC,black_warrior_minerals
BLACK WARRIOR MINERALS INC,black_warrior_minerals
EVERGREEN MINING LLC,evergreen_mining
EVERGREEN MINING LLC,evergreen_mining
EVERGREEN MINING LLC,evergreen_mining
EVERGREEN MINING LLC,evergreen_mining
EVERGREEN MINING LLC,evergreen_mining
EVERGREEN MINING LLC,evergreen_mining
EVERGREEN MINING LLC,evergreen_mining
MCWANE INC,mcwane
MCWANE INC,mcwane
MCWANE INC,mcwane
MCWANE INC,mcwane
MCWANE INC,mcwane
MCWANE INC,mcwane
EVERGREEN MINING LLC,evergreen_mining
EVERGREEN MINING LLC,evergreen_mining
EVERGREEN MINING LLC,evergreen_mining
EVERGREEN MINING LLC,evergreen_mining
EVERGREEN MINING LLC,evergreen_mining
EVERGREEN MINING LLC,evergreen_mining
EVERGREEN MINING LLC,evergreen_mining
EVERGREEN MINING LLC,evergreen_mining
EVERGREEN MINING LLC,evergreen_mining
EVERGREEN MINING LLC,evergreen_mining
JUSTICE COAL OF ALABAMA LLC,justice_coal_of_alabama
JUSTICE COAL OF ALABAMA LLC,justice_coal_of_alabama
JUSTICE COAL OF ALABAMA LLC,justice_coal_of_alabama
JUSTICE COAL OF ALABAMA LLC,justice_coal_of_alabama
JUSTICE COAL OF ALABAMA LLC,justice_coal_of_alabama
JUSTICE COAL OF ALABAMA LLC,justice_coal_of_alabama
BIRMINGHAM COAL & COKE COMPANY INC,birmingham_coal_coke
BIRMINGHAM COAL & COKE COMPANY INC,birmingham_coal_coke
BIRMINGHAM COAL & COKE COMPANY INC,birmingham_coal_coke
BIRMINGHAM COAL & COKE COMPANY INC,birmingham_coal_coke
BIRMINGHAM COAL & COKE COMPANY INC,birmingham_coal_coke
EVERGREEN MINING LLC,evergreen_mining
EVERGREEN MINING LLC,evergreen_mining
EVERGREEN MINING LLC,evergreen_mining
EVERGREEN MINING LLC,evergreen_mining
EVERGREEN MINING LLC,evergreen_mining
EVERGREEN MINING LLC,evergreen_mining
EVERGREEN MINING LLC,evergreen_mining
EVERGREEN MINING LLC,evergreen_mining
QUINTON MINING LLC,quinton_mining
QUINTON MINING LLC,quinton_mining
QUINTON MINING LLC,quinton_mining
QUINTON MINING LLC,quinton_mining
QUINTON MINING LLC,quinton_mining
QUINTON MINING LLC,quinton_mining
QUINTON MINING LLC,quinton_mining
QUINTON MINING LLC,quinton_mining
QUINTON MINING LLC,quinton_mining
MCOAL CORPORATION,mcoal
MCOAL CORPORATION,mcoal
MCOAL CORPORATION,mcoal
MCOAL CORPORATION,mcoal
MCOAL CORPORATION,mcoal
MCOAL CORPORATION,mcoal
MCOAL CORPORATION,mcoal
MCOAL CORPORATION,mcoal
MCOAL CORPORATION,mcoal
MCOAL CORPORATION,mcoal
MCOAL CORPORATION,mcoal
D & E MINING LLC,d_e_mining
D & E MINING LLC,d_e_mining
D & E MINING LLC,d_e_mining
D & E MINING LLC,d_e_mining
D & E MINING LLC,d_e_mining
D & E MINING LLC,d_e_mining
BIRMINGHAM COAL & COKE COMPANY INC,birmingham_coal_coke
BIRMINGHAM COAL & COKE COMPANY INC,birmingham_coal_coke
BIRMINGHAM COAL & COKE COMPANY INC,birmingham_coal_coke
BIRMINGHAM COAL & COKE COMPANY INC,birmingham_coal_coke
BIRMINGHAM COAL & COKE COMPANY INC,birmingham_coal_coke
BIRMINGHAM COAL & COKE COMPANY INC,birmingham_coal_coke
BIRMINGHAM COAL & COKE COMPANY INC,birmingham_coal_coke
BIRMINGHAM COAL & COKE COMPANY INC,birmingham_coal_coke
BIRMINGHAM COAL & COKE COMPANY INC,birmingham_coal_coke
BIRMINGHAM COAL & COKE COMPANY INC,birmingham_coal_coke
BIRMINGHAM COAL & COKE COMPANY INC,birmingham_coal_coke
,nan
DRUMMOND COMPANY INC,drummond
DRUMMOND COMPANY INC,drummond
DRUMMOND COMPANY INC,drummond
DRUMMOND COMPANY INC,drummond
DRUMMOND COMPANY INC,drummond
DRUMMOND COMPANY INC,drummond
DRUMMOND COMPANY INC,drummond
DRUMMOND COMPANY INC,drummond
DRUMMOND COMPANY INC,drummond
DRUMMOND COMPANY INC,drummond
DRUMMOND COMPANY INC,drummond
Haley Brothers Coal Inc,haley_brothers_coal
Haley Brothers Coal Inc,haley_brothers_coal
Haley Brothers Coal Inc,haley_brothers_coal
Haley Brothers Coal Inc,haley_brothers_coal
Haley Brothers Coal Inc,haley_brothers_coal
Haley Brothers Coal Inc,haley_brothers_coal
Haley Brothers Coal Inc,haley_brothers_coal
Haley Brothers Coal Inc,haley_brothers_coal
Haley Brothers Coal Inc,haley_brothers_coal
Haley Brothers Coal Inc,haley_brothers_coal
Haley Brothers Coal Inc,haley_brothers_coal
DRUMMOND COMPANY INC,drummond
DRUMMOND COMPANY INC,drummond
DRUMMOND COMPANY INC,drummond
DRUMMOND COMPANY INC,drummond
DRUMMOND COMPANY INC,drummond
DRUMMOND COMPANY INC,drummond
BIRMINGHAM COAL & COKE COMPANY INC,birmingham_coal_coke
BIRMINGHAM COAL & COKE COMPANY INC,birmingham_coal_coke
BIRMINGHAM COAL & COKE COMPANY INC,birmingham_coal_coke
BIRMINGHAM COAL & COKE COMPANY INC,birmingham_coal_coke
BIRMINGHAM COAL & COKE COMPANY INC,birmingham_coal_coke
BIRMINGHAM COAL & COKE COMPANY INC,birmingham_coal_coke
SOUTHLAND RESOURCES INC,southland_resources
SOUTHLAND RESOURCES INC,southland_resources
BLACK WARRIOR MINERALS INC,black_warrior_minerals
BLACK WARRIOR MINERALS INC,black_warrior_minerals
BLACK WARRIOR MINERALS INC,black_warrior_minerals
BLACK WARRIOR MINERALS INC,black_warrior_minerals
BLACK WARRIOR MINERALS INC,black_warrior_minerals
BLACK WARRIOR MINERALS INC,black_warrior_minerals
BLACK WARRIOR MINERALS INC,black_warrior_minerals
BLACK WARRIOR MINERALS INC,black_warrior_minerals
BLACK WARRIOR MINERALS INC,black_warrior_minerals
BLACK WARRIOR MINERALS INC,black_warrior_minerals
EVERGREEN MINING LLC,evergreen_mining
EVERGREEN MINING LLC,evergreen_mining
EVERGREEN MINING LLC,evergreen_mining
EVERGREEN MINING LLC,evergreen_mining
EVERGREEN MINING LLC,evergreen_mining
EVERGREEN MINING LLC,evergreen_mining
EVERGREEN MINING LLC,evergreen_mining
EVERGREEN MINING LLC,evergreen_mining
CENTENNIAL NATURAL RESOURCES LLC,centennial_natural_resources
CENTENNIAL NATURAL RESOURCES LLC,centennial_natural_resources
CENTENNIAL NATURAL RESOURCES LLC,centennial_natural_resources
BEST COAL INC,best_coal
BEST COAL INC,best_coal
BEST COAL INC,best_coal
BEST COAL INC,best_coal
BEST COAL INC,best_coal
BEST COAL INC,best_coal
CENTENNIAL NATURAL RESOURCES LLC,centennial_natural_resources
CENTENNIAL NATURAL RESOURCES LLC,centennial_natural_resources
CENTENNIAL NATURAL RESOURCES LLC,centennial_natural_resources
MCWANE INC,mcwane
MCWANE INC,mcwane
MCWANE INC,mcwane
MCWANE INC,mcwane
MCWANE INC,mcwane
MCWANE INC,mcwane
MCWANE INC,mcwane
MCWANE INC,mcwane
MCWANE INC,mcwane
MCWANE INC,mcwane
MCWANE INC,mcwane
MCWANE INC,mcwane
MCWANE INC,mcwane
MCWANE INC,mcwane
MCWANE INC,mcwane
MCWANE INC,mcwane
MCWANE INC,mcwane
MCWANE INC,mcwane
MCWANE INC,mcwane
RAC MINING LLC,rac_mining
RAC MINING LLC,rac_mining
RAC MINING LLC,rac_mining
RAC MINING LLC,rac_mining
RAC MINING LLC,rac_mining
RAC MINING LLC,rac_mining
RAC MINING LLC,rac_mining
RAC MINING LLC,rac_mining
BLACK WARRIOR MINERALS INC,black_warrior_minerals
BLACK WARRIOR MINERALS INC,black_warrior_minerals
BLACK WARRIOR MINERALS INC,black_warrior_minerals
BLACK WARRIOR MINERALS INC,black_warrior_minerals
BLACK WARRIOR MINERALS INC,black_warrior_minerals
QUALITY COAL CO INC,quality_coal
QUALITY COAL CO INC,quality_coal
QUALITY COAL CO INC,quality_coal
QUALITY COAL CO INC,quality_coal
QUALITY COAL CO INC,quality_coal
QUALITY COAL CO INC,quality_coal
WARRIOR MET COAL LAND LLC,warrior_met_coal_land
WARRIOR MET COAL LAND LLC,warrior_met_coal_land
WARRIOR MET COAL LAND LLC,warrior_met_coal_land
WARRIOR MET COAL LAND LLC,warrior_met_coal_land
WARRIOR MET COAL LAND LLC,warrior_met_coal_land
WARRIOR MET COAL LAND LLC,warrior_met_coal_land
WARRIOR MET COAL LAND LLC,warrior_met_coal_land
WARRIOR MET COAL LAND LLC,warrior_met_coal_land
WARRIOR MET COAL LAND LLC,warrior_met_coal_land
WARRIOR MET COAL LAND LLC,warrior_met_coal_land
WARRIOR MET COAL LAND LLC,warrior_met_coal_land
WARRIOR MET COAL LAND LLC,warrior_met_coal_land
WARRIOR MET COAL LAND LLC,warrior_met_coal_land
WARRIOR MET COAL LAND LLC,warrior_met_coal_land
WARRIOR MET COAL LAND LLC,warrior_met_coal_land
YESHIC LLC,yeshic
YESHIC LLC,yeshic
YESHIC LLC,yeshic
EVERGREEN MINING LLC,evergreen_mining
EVERGREEN MINING LLC,evergreen_mining
EVERGREEN MINING LLC,evergreen_mining
EVERGREEN MINING LLC,evergreen_mining
BIRMINGHAM COAL & COKE COMPANY INC,birmingham_coal_coke
BIRMINGHAM COAL & COKE COMPANY INC,birmingham_coal_coke
BIRMINGHAM COAL & COKE COMPANY INC,birmingham_coal_coke
BIRMINGHAM COAL & COKE COMPANY INC,birmingham_coal_coke
BIRMINGHAM COAL & COKE COMPANY INC,birmingham_coal_coke
BIRMINGHAM COAL & COKE COMPANY INC,birmingham_coal_coke
BIRMINGHAM COAL & COKE COMPANY INC,birmingham_coal_coke
SOUTHLAND RESOURCES INC,southland_resources
SOUTHLAND RESOURCES INC,southland_resources
SOUTHLAND RESOURCES INC,southland_resources
SOUTHLAND RESOURCES INC,southland_resources
SOUTHLAND RESOURCES INC,southland_resources
SOUTHLAND RESOURCES INC,southland_resources
SOUTHLAND RESOURCES INC,southland_resources
SOUTHLAND RESOURCES INC,southland_resources
SOUTHLAND RESOURCES INC,southland_resources
WARRIOR MET COAL TRI LLC,warrior_met_coal_tri
WARRIOR MET COAL TRI LLC,warrior_met_coal_tri
WARRIOR MET COAL TRI LLC,warrior_met_coal_tri
WARRIOR MET COAL TRI LLC,warrior_met_coal_tri
WARRIOR MET COAL TRI LLC,warrior_met_coal_tri
WARRIOR MET COAL TRI LLC,warrior_met_coal_tri
WARRIOR MET COAL TRI LLC,warrior_met_coal_tri
WARRIOR MET COAL TRI LLC,warrior_met_coal_tri
WARRIOR MET COAL TRI LLC,warrior_met_coal_tri
WARRIOR MET COAL TRI LLC,warrior_met_coal_tri
WARRIOR MET COAL TRI LLC,warrior_met_coal_tri
WARRIOR MET COAL TRI LLC,warrior_met_coal_tri
WARRIOR MET COAL TRI LLC,warrior_met_coal_tri
WARRIOR MET COAL TRI LLC,warrior_met_coal_tri
,nan
,nan
CENTENNIAL NATURAL RESOURCES LLC,centennial_natural_resources
CENTENNIAL NATURAL RESOURCES LLC,centennial_natural_resources
CENTENNIAL NATURAL RESOURCES LLC,centennial_natural_resources
CENTENNIAL NATURAL RESOURCES LLC,centennial_natural_resources
CENTENNIAL NATURAL RESOURCES LLC,centennial_natural_resources
CENTENNIAL NATURAL RESOURCES LLC,centennial_natural_resources
CENTENNIAL NATURAL RESOURCES LLC,centennial_natural_resources
CENTENNIAL NATURAL RESOURCES LLC,centennial_natural_resources
CENTENNIAL NATURAL RESOURCES LLC,centennial_natural_resources
CENTENNIAL NATURAL RESOURCES LLC,centennial_natural_resources
CENTENNIAL NATURAL RESOURCES LLC,centennial_natural_resources
CENTENNIAL NATURAL RESOURCES LLC,centennial_natural_resources
CENTENNIAL NATURAL RESOURCES LLC,centennial_natural_resources
CENTENNIAL NATURAL RESOURCES LLC,centennial_natural_resources
CENTENNIAL NATURAL RESOURCES LLC,centennial_natural_resources
CENTENNIAL NATURAL RESOURCES LLC,centennial_natural_resources
CENTENNIAL NATURAL RESOURCES LLC,centennial_natural_resources
CENTENNIAL NATURAL RESOURCES LLC,centennial_natural_resources
CENTENNIAL NATURAL RESOURCES LLC,centennial_natural_resources
CENTENNIAL NATURAL RESOURCES LLC,centennial_natural_resources
CENTENNIAL NATURAL RESOURCES LLC,centennial_natural_resources
BLACK WARRIOR MINERALS INC,black_warrior_minerals
BLACK WARRIOR MINERALS INC,black_warrior_minerals
BLACK WARRIOR MINERALS INC,black_warrior_minerals
BLACK WARRIOR MINERALS INC,black_warrior_minerals
BLACK WARRIOR MINERALS INC,black_warrior_minerals
BLACK WARRIOR MINERALS INC,black_warrior_minerals
BLACK WARRIOR MINERALS INC,black_warrior_minerals
BLACK WARRIOR MINERALS INC,black_warrior_minerals
BLACK WARRIOR MINERALS INC,black_warrior_minerals
BLACK WARRIOR MINERALS INC,black_warrior_minerals
BLACK WARRIOR MINERALS INC,black_warrior_minerals
BLACK WARRIOR MINERALS INC,black_warrior_minerals
BLACK WARRIOR MINERALS INC,black_warrior_minerals
BLACK WARRIOR MINERALS INC,black_warrior_minerals
BLACK WARRIOR MINERALS INC,black_warrior_minerals
CEDAR LAKE MINING INC,cedar_lake_mining
CEDAR LAKE MINING INC,cedar_lake_mining
CEDAR LAKE MINING INC,cedar_lake_mining
CEDAR LAKE MINING INC,cedar_lake_mining
CEDAR LAKE MINING INC,cedar_lake_mining
CEDAR LAKE MINING INC,cedar_lake_mining
CEDAR LAKE MINING INC,cedar_lake_mining
CEDAR LAKE MINING INC,cedar_lake_mining
CAMELLIA MET MINING LLC,camellia_met_mining
CAMELLIA MET MINING LLC,camellia_met_mining
RUSSELL COAL INCORPORATED,russell_coal
RUSSELL COAL INCORPORATED,russell_coal
RUSSELL COAL INCORPORATED,russell_coal
RUSSELL COAL INCORPORATED,russell_coal
ABSTON CONSTRUCTION COMPANY INC,abston_construction
ABSTON CONSTRUCTION COMPANY INC,abston_construction
ABSTON CONSTRUCTION COMPANY INC,abston_construction
ABSTON CONSTRUCTION COMPANY INC,abston_construction
RIVERVIEW DEVELOPMENT LLC,riverview_development
JUSTICE COAL OF ALABAMA LLC,justice_coal_of_alabama
JUSTICE COAL OF ALABAMA LLC,justice_coal_of_alabama
DRUMMOND COMPANY INC.,drummond
BEST COAL INC,best_coal
BEST COAL INC,best_coal
BEST COAL INC,best_coal
BEST COAL INC,best_coal
EVERGREEN MINING LLC,evergreen_mining
EVERGREEN MINING LLC,evergreen_mining
EVERGREEN MINING LLC,evergreen_mining
EVERGREEN MINING LLC,evergreen_mining
EVERGREEN MINING LLC,evergreen_mining
EVERGREEN MINING LLC,evergreen_mining
EVERGREEN MINING LLC,evergreen_mining
EVERGREEN MINING LLC,evergreen_mining
EVERGREEN MINING LLC,evergreen_mining
EVERGREEN MINING LLC,evergreen_mining
EVERGREEN MINING LLC,evergreen_mining
WARRIOR MET COAL MINING LLC,warrior_met_coal_mining
WARRIOR MET COAL MINING LLC,warrior_met_coal_mining
WARRIOR MET COAL MINING LLC,warrior_met_coal_mining
CENTENNIAL NATURAL RESOURCES LLC,centennial_natural_resources
CENTENNIAL NATURAL RESOURCES LLC,centennial_natural_resources
CENTENNIAL NATURAL RESOURCES LLC,centennial_natural_resources
CENTENNIAL NATURAL RESOURCES LLC,centennial_natural_resources
CENTENNIAL NATURAL RESOURCES LLC,centennial_natural_resources
TRAVIS CREEK ENERGY LLC,travis_creek_energy
TRAVIS CREEK ENERGY LLC,travis_creek_energy
DRUMMOND COMPANY INC,drummond
MCWANE INC,mcwane
MCWANE INC,mcwane
BEST COAL INC,best_coal
BEST COAL INC,best_coal
BEST COAL INC,best_coal
BEST COAL INC,best_coal
BEST COAL INC,best_coal
BEST COAL INC,best_coal
BEST COAL INC,best_coal
BEST COAL INC,best_coal
WARRIOR MET COAL MINING LLC,warrior_met_coal_mining
WARRIOR MET COAL MINING LLC,warrior_met_coal_mining
WARRIOR MET COAL MINING LLC,warrior_met_coal_mining
WARRIOR MET COAL MINING LLC,warrior_met_coal_mining
ALDEN RESOURCES LLC,alden_resources
ALDEN RESOURCES LLC,alden_resources
ALDEN RESOURCES LLC,alden_resources
ALDEN RESOURCES LLC,alden_resources
ALDEN RESOURCES LLC,alden_resources
ALDEN RESOURCES LLC,alden_resources
BEST COAL INC,best_coal
BEST COAL INC,best_coal
BEST COAL INC,best_coal
BEST COAL INC,best_coal
BEST COAL INC,best_coal
BEST COAL INC,best_coal
BEST COAL INC,best_coal
BEST COAL INC,best_coal
BEST COAL INC,best_coal
BEST COAL INC,best_coal
BEST COAL INC,best_coal
BEST COAL INC,best_coal
BEST COAL INC,best_coal
SOUTHERN MINERAL RESOURCES LLC,southern_mineral_resources
SOUTHERN MINERAL RESOURCES LLC,southern_mineral_resources
BEST COAL INC,best_coal
BEST COAL INC,best_coal
BEST COAL INC,best_coal
BEST COAL INC,best_coal
BEST COAL INC,best_coal
SHANNON LLC,shannon
SHANNON LLC,shannon
SHANNON LLC,shannon
SHANNON LLC,shannon
SHANNON LLC,shannon
SHANNON LLC,shannon
SHANNON LLC,shannon
SHANNON LLC,shannon
SHANNON LLC,shannon
SHANNON LLC,shannon
SHANNON LLC,shannon
SHANNON LLC,shannon
MAYS MINING INC,mays_mining
MAYS MINING INC,mays_mining
MAYS MINING INC,mays_mining
MAYS MINING INC,mays_mining
MAYS MINING INC,mays_mining
MAYS MINING INC,mays_mining
QUALITY COAL CO INC,quality_coal
QUALITY COAL CO INC,quality_coal
QUALITY COAL CO INC,quality_coal
QUALITY COAL CO INC,quality_coal
QUALITY COAL CO INC,quality_coal
DRUMMOND COMPANY INC.,drummond
DRUMMOND COMPANY INC.,drummond
DRUMMOND COMPANY INC.,drummond
DRUMMOND COMPANY INC.,drummond
DRUMMOND COMPANY INC.,drummond
DRUMMOND COMPANY INC.,drummond
DRUMMOND COMPANY INC.,drummond
MAYS MINING INC,mays_mining
MAYS MINING INC,mays_mining
MAYS MINING INC,mays_mining
MAYS MINING INC,mays_mining
MAYS MINING INC,mays_mining
BEST COAL INC,best_coal
BEST COAL INC,best_coal
BEST COAL INC,best_coal
BEST COAL INC,best_coal
BEST COAL INC,best_coal
BEST COAL INC,best_coal
BEST COAL INC,best_coal
BEST COAL INC,best_coal
BEST COAL INC,best_coal
MAYS MINING INC,mays_mining
MAYS MINING INC,mays_mining
MAYS MINING INC,mays_mining
MAYS MINING INC,mays_mining
SOUTHLAND RESOURCES INC,southland_resources
SOUTHLAND RESOURCES INC,southland_resources
BEST COAL INC,best_coal
BEST COAL INC,best_coal
BEST COAL INC,best_coal
BEST COAL INC,best_coal
BEST COAL INC,best_coal
BEST COAL INC,best_coal
BEST COAL INC,best_coal
KENNEDY BROTHERS CONSTRUCTION LLC,kennedy_brothers_construction
KENNEDY BROTHERS CONSTRUCTION LLC,kennedy_brothers_construction
QUALITY COAL CO INC,quality_coal
CAHABA RESOURCES LLC,cahaba_resources
CAHABA RESOURCES LLC,cahaba_resources
CAHABA RESOURCES LLC,cahaba_resources
CAHABA RESOURCES LLC,cahaba_resources
CAHABA RESOURCES LLC,cahaba_resources
CAHABA RESOURCES LLC,cahaba_resources
CAHABA RESOURCES LLC,cahaba_resources
CAHABA RESOURCES LLC,cahaba_resources
CAMELLIA MET MINING LLC,camellia_met_mining
CAMELLIA MET MINING LLC,camellia_met_mining
CAMELLIA MET MINING LLC,camellia_met_mining
CAMELLIA MET MINING LLC,camellia_met_mining
CAMELLIA MET MINING LLC,camellia_met_mining
CAMELLIA MET MINING LLC,camellia_met_mining
MAYS MINING INC,mays_mining
MAYS MINING INC,mays_mining
MAYS MINING INC,mays_mining
MAYS MINING INC,mays_mining
MAYS MINING INC,mays_mining
MAYS MINING INC,mays_mining
MAYS MINING INC,mays_mining
MAYS MINING INC,mays_mining
MAYS MINING INC,mays_mining
BEST COAL INC,best_coal
BEST COAL INC,best_coal
BEST COAL INC,best_coal
BEST COAL INC,best_coal
BEST COAL INC,best_coal
BEST COAL INC,best_coal
BEST COAL INC,best_coal
BEST COAL INC,best_coal
BEST COAL INC,best_coal
BEST COAL INC,best_coal
BEST COAL INC,best_coal
MAYS MINING INC,mays_mining
MAYS MINING INC,mays_mining
MAYS MINING INC,mays_mining
SHANNON LLC,shannon
SHANNON LLC,shannon
SHANNON LLC,shannon
SHANNON LLC,shannon
SHANNON LLC,shannon
SHANNON LLC,shannon
SHANNON LLC,shannon
SHANNON LLC,shannon
SHANNON LLC,shannon
SHANNON LLC,shannon
CAHABA RESOURCES LLC,cahaba_resources
CAHABA RESOURCES LLC,cahaba_resources
CAHABA RESOURCES LLC,cahaba_resources
YELLOWHAMMER ENERGY SOLUTIONS LLC,yellowhammer_energy_solutions
YELLOWHAMMER ENERGY SOLUTIONS LLC,yellowhammer_energy_solutions
YELLOWHAMMER ENERGY SOLUTIONS LLC,yellowhammer_energy_solutions
YELLOWHAMMER ENERGY SOLUTIONS LLC,yellowhammer_energy_solutions
YELLOWHAMMER ENERGY SOLUTIONS LLC,yellowhammer_energy_solutions
YELLOWHAMMER ENERGY SOLUTIONS LLC,yellowhammer_energy_solutions
BEST COAL INC,best_coal
BEST COAL INC,best_coal
BEST COAL INC,best_coal
BEST COAL INC,best_coal
BEST COAL INC,best_coal
BEST COAL INC,best_coal
BEST COAL INC,best_coal
BEST COAL INC,best_coal
BEST COAL INC,best_coal
BEST COAL INC,best_coal
BEST COAL INC,best_coal
BEST COAL INC,best_coal
BEST COAL INC,best_coal
BEST COAL INC,best_coal
BEST COAL INC,best_coal
BEST COAL INC,best_coal
BEST COAL INC,best_coal
BEST COAL INC,best_coal
BEST COAL INC,best_coal
BEST COAL INC,best_coal
BEST COAL INC,best_coal
BEST COAL INC,best_coal
BEST COAL INC,best_coal
BEST COAL INC,best_coal
BEST COAL INC,best_coal
BEST COAL INC,best_coal
BEST COAL INC,best_coal
BEST COAL INC,best_coal
BEST COAL INC,best_coal
BEST COAL INC,best_coal
BEST COAL INC,best_coal
BEST COAL INC,best_coal
BEST COAL INC,best_coal
BEST COAL INC,best_coal
BEST COAL INC,best_coal
BEST COAL INC,best_coal
BEST COAL INC,best_coal
BEST COAL INC,best_coal
DRUMMOND COMPANY INC,drummond
DRUMMOND COMPANY INC,drummond
DRUMMOND COMPANY INC,drummond
DRUMMOND COMPANY INC,drummond
DRUMMOND COMPANY INC,drummond
DRUMMOND COMPANY INC,drummond
"SIGNAL RESOURCES, LLC",signal_resources
HIGHLAND ENERGY INC,highland_energy
HIGHLAND ENERGY INC,highland_energy
HIGHLAND ENERGY INC,highland_energy
HIGHLAND ENERGY INC,highland_energy
HIGHLAND ENERGY INC,highland_energy
HIGHLAND ENERGY INC,highland_energy
HIGHLAND ENERGY INC,highland_energy
HIGHLAND ENERGY INC,highland_energy
HIGHLAND ENERGY INC,highland_energy
HIGHLAND ENERGY INC,highland_energy
HIGHLAND ENERGY INC,highland_energy
HIGHLAND ENERGY INC,highland_energy
HIGHLAND ENERGY INC,highland_energy
HIGHLAND ENERGY INC,highland_energy
HIGHLAND ENERGY INC,highland_energy
MCWANE INC,mcwane
MCWANE INC,mcwane
MCWANE INC,mcwane
MCWANE INC,mcwane
MCWANE INC,mcwane
MCWANE INC,mcwane
MCWANE INC,mcwane
MCWANE INC,mcwane
MCWANE INC,mcwane
SOUTHERN MINERAL RESOURCES LLC,southern_mineral_resources
SOUTHERN MINERAL RESOURCES LLC,southern_mineral_resources
SOUTHERN MINERAL RESOURCES LLC,southern_mineral_resources
SOUTHERN MINERAL RESOURCES LLC,southern_mineral_resources
SOUTHERN MINERAL RESOURCES LLC,southern_mineral_resources
SOUTHERN MINERAL RESOURCES LLC,southern_mineral_resources
SOUTHERN MINERAL RESOURCES LLC,southern_mineral_resources
SOUTHERN MINERAL RESOURCES LLC,southern_mineral_resources
SOUTHERN MINERAL RESOURCES LLC,southern_mineral_resources
SOUTHERN MINERAL RESOURCES LLC,southern_mineral_resources
SOUTHERN MINERAL RESOURCES LLC,southern_mineral_resources
MAYS MINING INC,mays_mining
MAYS MINING INC,mays_mining
MAYS MINING INC,mays_mining
MAYS MINING INC,mays_mining
MAYS MINING INC,mays_mining
MAYS MINING INC,mays_mining
MAYS MINING INC,mays_mining
MAYS MINING INC,mays_mining
CAMELLIA MET MINING LLC,camellia_met_mining
CAMELLIA MET MINING LLC,camellia_met_mining
CAMELLIA MET MINING LLC,camellia_met_mining
CAMELLIA MET MINING LLC,camellia_met_mining
CAMELLIA MET MINING LLC,camellia_met_mining
CAMELLIA MET MINING LLC,camellia_met_mining
CAMELLIA MET MINING LLC,camellia_met_mining
BEST COAL INC,best_coal
BEST COAL INC,best_coal
BEST COAL INC,best_coal
BEST COAL INC,best_coal
BEST COAL INC,best_coal
MAYS MINING INC,mays_mining
MAYS MINING INC,mays_mining
MAYS MINING INC,mays_mining
CAMELLIA MET MINING LLC,camellia_met_mining
BEST COAL INC,best_coal
BEST COAL INC,best_coal
BEST COAL INC,best_coal
BEST COAL INC,best_coal
BEST COAL INC,best_coal
WARRIOR MET COAL MINING LLC,warrior_met_coal_mining
WARRIOR MET COAL MINING LLC,warrior_met_coal_mining
WARRIOR MET COAL MINING LLC,warrior_met_coal_mining
WARRIOR MET COAL MINING LLC,warrior_met_coal_mining
WARRIOR MET COAL MINING LLC,warrior_met_coal_mining
CENTENNIAL NATURAL RESOURCES LLC,centennial_natural_resources
CENTENNIAL NATURAL RESOURCES LLC,centennial_natural_resources
CENTENNIAL NATURAL RESOURCES LLC,centennial_natural_resources
CENTENNIAL NATURAL RESOURCES LLC,centennial_natural_resources
CENTENNIAL NATURAL RESOURCES LLC,centennial_natural_resources
CENTENNIAL NATURAL RESOURCES LLC,centennial_natural_resources
CENTENNIAL NATURAL RESOURCES LLC,centennial_natural_resources
CENTENNIAL NATURAL RESOURCES LLC,centennial_natural_resources
CENTENNIAL NATURAL RESOURCES LLC,centennial_natural_resources
CENTENNIAL NATURAL RESOURCES LLC,centennial_natural_resources
BLACK WARRIOR MINERALS INC,black_warrior_minerals
BLACK WARRIOR MINERALS INC,black_warrior_minerals
BLACK WARRIOR MINERALS INC,black_warrior_minerals
BLACK WARRIOR MINERALS INC,black_warrior_minerals
BLACK WARRIOR MINERALS INC,black_warrior_minerals
BLACK WARRIOR MINERALS INC,black_warrior_minerals
BLACK WARRIOR MINERALS INC,black_warrior_minerals
CAMELLIA MET MINING LLC,camellia_met_mining
CAMELLIA MET MINING LLC,camellia_met_mining
CAMELLIA MET MINING LLC,camellia_met_mining
CAMELLIA MET MINING LLC,camellia_met_mining
CAMELLIA MET MINING LLC,camellia_met_mining
CAMELLIA MET MINING LLC,camellia_met_mining
CAMELLIA MET MINING LLC,camellia_met_mining
CAHABA RESOURCES LLC,cahaba_resources
CAHABA RESOURCES LLC,cahaba_resources
CAHABA RESOURCES LLC,cahaba_resources
CAHABA RESOURCES LLC,cahaba_resources
CAHABA RESOURCES LLC,cahaba_resources
CAHABA RESOURCES LLC,cahaba_resources
CAHABA RESOURCES LLC,cahaba_resources
CAMELLIA MET MINING LLC,camellia_met_mining
CAMELLIA MET MINING LLC,camellia_met_mining
KENNEDY BROTHERS CONSTRUCTION LLC,kennedy_brothers_construction
KENNEDY BROTHERS CONSTRUCTION LLC,kennedy_brothers_construction
KENNEDY BROTHERS CONSTRUCTION LLC,kennedy_brothers_construction
KENNEDY BROTHERS CONSTRUCTION LLC,kennedy_brothers_construction
KENNEDY BROTHERS CONSTRUCTION LLC,kennedy_brothers_construction
KENNEDY BROTHERS CONSTRUCTION LLC,kennedy_brothers_construction
KENNEDY BROTHERS CONSTRUCTION LLC,kennedy_brothers_construction
SOUTHLAND RESOURCES INC,southland_resources
SOUTHLAND RESOURCES INC,southland_resources
SOUTHLAND RESOURCES INC,southland_resources
SOUTHLAND RESOURCES INC,southland_resources
SOUTHLAND RESOURCES INC,southland_resources
BEST COAL INC,best_coal
BEST COAL INC,best_coal
BEST COAL INC,best_coal
BEST COAL INC,best_coal
BEST COAL INC,best_coal
BEST COAL INC,best_coal
SHANNON LLC,shannon
SHANNON LLC,shannon
SHANNON LLC,shannon
SHANNON LLC,shannon
SHANNON LLC,shannon
SHANNON LLC,shannon
SHANNON LLC,shannon
SHANNON LLC,shannon
SHANNON LLC,shannon
SHANNON LLC,shannon
SHANNON LLC,shannon
SHANNON LLC,shannon
SHANNON LLC,shannon
SHANNON LLC,shannon
SHANNON LLC,shannon
SHANNON LLC,shannon
SHANNON LLC,shannon
SHANNON LLC,shannon
SHANNON LLC,shannon
SHANNON LLC,shannon
MCWANE INC,mcwane
MAYS MINING INC,mays_mining
MAYS MINING INC,mays_mining
MAYS MINING INC,mays_mining
"SIGNAL RESOURCES, LLC",signal_resources
"SIGNAL RESOURCES, LLC",signal_resources
MCWANE INC,mcwane
MCWANE INC,mcwane
SOUTHLAND RESOURCES INC,southland_resources
SOUTHLAND RESOURCES INC,southland_resources
SOUTHLAND RESOURCES INC,southland_resources
SOUTHLAND RESOURCES INC,southland_resources
SOUTHLAND RESOURCES INC,southland_resources
SOUTHLAND RESOURCES INC,southland_resources
SOUTHLAND RESOURCES INC,southland_resources
SOUTHLAND RESOURCES INC,southland_resources
SOUTHLAND RESOURCES INC,southland_resources
SOUTHLAND RESOURCES INC,southland_resources
SOUTHLAND RESOURCES INC,southland_resources
SOUTHLAND RESOURCES INC,southland_resources
BEST COAL INC,best_coal
BEST COAL INC,best_coal
BEST COAL INC,best_coal
BEST COAL INC,best_coal
BEST COAL INC,best_coal
BEST COAL INC,best_coal
BEST COAL INC,best_coal
BEST COAL INC,best_coal
BEST COAL INC,best_coal
BEST COAL INC,best_coal
BEST COAL INC,best_coal
BEST COAL INC,best_coal
BEST COAL INC,best_coal
BEST COAL INC,best_coal
DRUMMOND COMPANY INC,drummond
DRUMMOND COMPANY INC,drummond
DRUMMOND COMPANY INC,drummond
DRUMMOND COMPANY INC,drummond
DRUMMOND COMPANY INC,drummond
DRUMMOND COMPANY INC,drummond
SOUTHLAND RESOURCES INC,southland_resources
SOUTHLAND RESOURCES INC,southland_resources
SOUTHLAND RESOURCES INC,southland_resources
SOUTHLAND RESOURCES INC,southland_resources
CAHABA RESOURCES LLC,cahaba_resources
CAHABA RESOURCES LLC,cahaba_resources
CAHABA RESOURCES LLC,cahaba_resources
CAHABA RESOURCES LLC,cahaba_resources
CAHABA RESOURCES LLC,cahaba_resources
SHANNON LLC,shannon
SHANNON LLC,shannon
SHANNON LLC,shannon
SHANNON LLC,shannon
SHANNON LLC,shannon
SHANNON LLC,shannon
SHANNON LLC,shannon
SHANNON LLC,shannon
CAMELLIA MET MINING LLC,camellia_met_mining
CAMELLIA MET MINING LLC,camellia_met_mining
CAMELLIA MET MINING LLC,camellia_met_mining
BEST COAL INC,best_coal
BEST COAL INC,best_coal
BEST COAL INC,best_coal
BEST COAL INC,best_coal
BEST COAL INC,best_coal
BEST COAL INC,best_coal
BEST COAL INC,best_coal
BEST COAL INC,best_coal
BEST COAL INC,best_coal
CAHABA RESOURCES LLC,cahaba_resources
CAHABA RESOURCES LLC,cahaba_resources
CAHABA RESOURCES LLC,cahaba_resources
CAHABA RESOURCES LLC,cahaba_resources
CAHABA RESOURCES LLC,cahaba_resources
CAHABA RESOURCES LLC,cahaba_resources
CAHABA RESOURCES LLC,cahaba_resources
SOUTHERN MINERAL RESOURCES LLC,southern_mineral_resources
SOUTHERN MINERAL RESOURCES LLC,southern_mineral_resources
CAHABA RESOURCES LLC,cahaba_resources
CAHABA RESOURCES LLC,cahaba_resources
CAHABA RESOURCES LLC,cahaba_resources
CAHABA RESOURCES LLC,cahaba_resources
CAHABA RESOURCES LLC,cahaba_resources
CRIMSON OAK GROVE RESOURCES LLC,crimson_oak_grove_resources
CRIMSON OAK GROVE RESOURCES LLC,crimson_oak_grove_resources
CRIMSON OAK GROVE RESOURCES LLC,crimson_oak_grove_resources
CRIMSON OAK GROVE RESOURCES LLC,crimson_oak_grove_resources
CRIMSON OAK GROVE RESOURCES LLC,crimson_oak_grove_resources
CRIMSON OAK GROVE RESOURCES LLC,crimson_oak_grove_resources
CRIMSON OAK GROVE RESOURCES LLC,crimson_oak_grove_resources
CRIMSON OAK GROVE RESOURCES LLC,crimson_oak_grove_resources
CRIMSON OAK GROVE RESOURCES LLC,crimson_oak_grove_resources
CRIMSON OAK GROVE RESOURCES LLC,crimson_oak_grove_resources
CRIMSON OAK GROVE RESOURCES LLC,crimson_oak_grove_resources
CRIMSON OAK GROVE RESOURCES LLC,crimson_oak_grove_resources
CRIMSON OAK GROVE RESOURCES LLC,crimson_oak_grove_resources
CRIMSON OAK GROVE RESOURCES LLC,crimson_oak_grove_resources
CRIMSON OAK GROVE RESOURCES LLC,crimson_oak_grove_resources
CRIMSON OAK GROVE RESOURCES LLC,crimson_oak_grove_resources
CRIMSON OAK GROVE RESOURCES LLC,crimson_oak_grove_resources
CRIMSON OAK GROVE RESOURCES LLC,crimson_oak_grove_resources
CRIMSON OAK GROVE RESOURCES LLC,crimson_oak_grove_resources
CRIMSON OAK GROVE RESOURCES LLC,crimson_oak_grove_resources
CRIMSON OAK GROVE RESOURCES LLC,crimson_oak_grove_resources
CRIMSON OAK GROVE RESOURCES LLC,crimson_oak_grove_resources
CRIMSON OAK GROVE RESOURCES LLC,crimson_oak_grove_resources
BEST COAL INC,best_coal
BEST COAL INC,best_coal
BEST COAL INC,best_coal
BLACK WARRIOR MINERALS INC,black_warrior_minerals
BLACK WARRIOR MINERALS INC,black_warrior_minerals
BLACK WARRIOR MINERALS INC,black_warrior_minerals
BLACK WARRIOR MINERALS INC,black_warrior_minerals
BLACK WARRIOR MINERALS INC,black_warrior_minerals
BLACK WARRIOR MINERALS INC,black_warrior_minerals
BLACK WARRIOR MINERALS INC,black_warrior_minerals
BLACK WARRIOR MINERALS INC,black_warrior_minerals
WARRIOR MET COAL LAND LLC,warrior_met_coal_land
TIMCOALAND INC,timcoaland
INTERNATIONAL COAL COMPANY INC,international_coal
INTERNATIONAL COAL COMPANY INC,international_coal
INTERNATIONAL COAL COMPANY INC,international_coal
INTERNATIONAL COAL COMPANY INC,international_coal
INTERNATIONAL COAL COMPANY INC,international_coal
INTERNATIONAL COAL COMPANY INC,international_coal
INTERNATIONAL COAL COMPANY INC,international_coal
INTERNATIONAL COAL COMPANY INC,international_coal
FRONTIER MINING CO INC,frontier_mining
INTERNATIONAL COAL COMPANY INC,international_coal
INTERNATIONAL COAL COMPANY INC,international_coal
INTERNATIONAL COAL COMPANY INC,international_coal
INTERNATIONAL COAL COMPANY INC,international_coal
INTERNATIONAL COAL COMPANY INC,international_coal
KINPAR COAL COMPANY INC,kinpar_coal
TIMCOALAND INC,timcoaland
TIMCOALAND INC,timcoaland
DIXIE FUELS INC,dixie_fuels
DIXIE FUELS INC,dixie_fuels
DIXIE FUELS INC,dixie_fuels
DIXIE FUELS INC,dixie_fuels
DIXIE FUELS INC,dixie_fuels
DIXIE FUELS INC,dixie_fuels
DIXIE FUELS INC,dixie_fuels
WARRIOR MET COAL LAND LLC,warrior_met_coal_land
WARRIOR MET COAL LAND LLC,warrior_met_coal_land
CENTENNIAL NATURAL RESOURCES LLC,centennial_natural_resources
CENTENNIAL NATURAL RESOURCES LLC,centennial_natural_resources
CENTENNIAL NATURAL RESOURCES LLC,centennial_natural_resources
CENTENNIAL NATURAL RESOURCES LLC,centennial_natural_resources
CENTENNIAL NATURAL RESOURCES LLC,centennial_natural_resources
CENTENNIAL NATURAL RESOURCES LLC,centennial_natural_resources
CENTENNIAL NATURAL RESOURCES LLC,centennial_natural_resources
CENTENNIAL NATURAL RESOURCES LLC,centennial_natural_resources
CENTENNIAL NATURAL RESOURCES LLC,centennial_natural_resources
CENTENNIAL NATURAL RESOURCES LLC,centennial_natural_resources
CENTENNIAL NATURAL RESOURCES LLC,centennial_natural_resources
CENTENNIAL NATURAL RESOURCES LLC,centennial_natural_resources
CENTENNIAL NATURAL RESOURCES LLC,centennial_natural_resources
CENTENNIAL NATURAL RESOURCES LLC,centennial_natural_resources
CENTENNIAL NATURAL RESOURCES LLC,centennial_natural_resources
TWIN PINES II LLC,twin_pines_ii
TWIN PINES II LLC,twin_pines_ii
TWIN PINES II LLC,twin_pines_ii
TWIN PINES II LLC,twin_pines_ii
TWIN PINES II LLC,twin_pines_ii
HALEY BROS COAL INC,haley_bros_coal
HALEY BROS COAL INC,haley_bros_coal
HALEY BROS COAL INC,haley_bros_coal
HALEY BROS COAL INC,haley_bros_coal
JUSTICE COAL OF ALABAMA LLC,justice_coal_of_alabama
JUSTICE COAL OF ALABAMA LLC,justice_coal_of_alabama
JUSTICE COAL OF ALABAMA LLC,justice_coal_of_alabama
QUALITY COAL CO INC,quality_coal
QUALITY COAL CO INC,quality_coal
QUALITY COAL CO INC,quality_coal
QUALITY COAL CO INC,quality_coal
QUALITY COAL CO INC,quality_coal
QUALITY COAL CO INC,quality_coal
QUALITY COAL CO INC,quality_coal
QUALITY COAL CO INC,quality_coal
QUALITY COAL CO INC,quality_coal
QUALITY COAL CO INC,quality_coal
MAYS MINING INC,mays_mining
MAYS MINING INC,mays_mining
MAYS MINING INC,mays_mining
MAYS MINING INC,mays_mining
MAYS MINING INC,mays_mining
MAYS MINING INC,mays_mining
MAYS MINING INC,mays_mining
SOUTHLAND RESOURCES INC,southland_resources
SOUTHLAND RESOURCES INC,southland_resources
SOUTHLAND RESOURCES INC,southland_resources
SOUTHLAND RESOURCES INC,southland_resources
CAHABA RESOURCES LLC,cahaba_resources
CAHABA RESOURCES LLC,cahaba_resources
CAHABA RESOURCES LLC,cahaba_resources
CAHABA RESOURCES LLC,cahaba_resources
CAHABA RESOURCES LLC,cahaba_resources
CAHABA RESOURCES LLC,cahaba_resources
CAHABA RESOURCES LLC,cahaba_resources
CAHABA RESOURCES LLC,cahaba_resources
CAHABA RESOURCES LLC,cahaba_resources
CAHABA RESOURCES LLC,cahaba_resources
CAHABA RESOURCES LLC,cahaba_resources
CAHABA RESOURCES LLC,cahaba_resources
CAHABA RESOURCES LLC,cahaba_resources
CAHABA RESOURCES LLC,cahaba_resources
CAHABA RESOURCES LLC,cahaba_resources
JUSTICE COAL OF ALABAMA LLC,justice_coal_of_alabama
JUSTICE COAL OF ALABAMA LLC,justice_coal_of_alabama
JUSTICE COAL OF ALABAMA LLC,justice_coal_of_alabama
JUSTICE COAL OF ALABAMA LLC,justice_coal_of_alabama
JUSTICE COAL OF ALABAMA LLC,justice_coal_of_alabama
JUSTICE COAL OF ALABAMA LLC,justice_coal_of_alabama
MAYS MINING INC,mays_mining
MAYS MINING INC,mays_mining
MAYS MINING INC,mays_mining
MAYS MINING INC,mays_mining
MAYS MINING INC,mays_mining
MAYS MINING INC,mays_mining
MAYS MINING INC,mays_mining
MAYS MINING INC,mays_mining
MAYS MINING INC,mays_mining
MAYS MINING INC,mays_mining
MAYS MINING INC,mays_mining
MAYS MINING INC,mays_mining
MAYS MINING INC,mays_mining
MAYS MINING INC,mays_mining
WARRIOR MET COAL MINING LLC,warrior_met_coal_mining
WARRIOR MET COAL MINING LLC,warrior_met_coal_mining
WARRIOR MET COAL MINING LLC,warrior_met_coal_mining
WARRIOR MET COAL MINING LLC,warrior_met_coal_mining
WARRIOR MET COAL MINING LLC,warrior_met_coal_mining
WARRIOR MET COAL MINING LLC,warrior_met_coal_mining
WARRIOR MET COAL MINING LLC,warrior_met_coal_mining
WARRIOR MET COAL MINING LLC,warrior_met_coal_mining
WARRIOR MET COAL MINING LLC,warrior_met_coal_mining
MAYS MINING INC,mays_mining
MAYS MINING INC,mays_mining
MAYS MINING INC,mays_mining
MAYS MINING INC,mays_mining
MAYS MINING INC,mays_mining
MAYS MINING INC,mays_mining
MAYS MINING INC,mays_mining
MAYS MINING INC,mays_mining
MAYS MINING INC,mays_mining
MAYS MINING INC,mays_mining
MAYS MINING INC,mays_mining
MAYS MINING INC,mays_mining
MAYS MINING INC,mays_mining
MAYS MINING INC,mays_mining
MAYS MINING INC,mays_mining
MAYS MINING INC,mays_mining
MAYS MINING INC,mays_mining
MAYS MINING INC,mays_mining
MAYS MINING INC,mays_mining
MAYS MINING INC,mays_mining
MAYS MINING INC,mays_mining
